{
"freqs": [
3.0,
3.2,
3.4,
3.6,
3.8,
4.0,
4.2,
4.4,
4.6,
4.8,
5.0,
5.2,
5.4,
5.6,
5.8,
6.0,
6.2,
6.4,
6.6,
6.8,
7.0,
7.2,
7.4,
7.6,
7.8,
8.0,
8.2,
8.4,
8.6,
8.8,
9.0,
9.2,
9.4,
9.6,
9.8,
10.0,
10.2,
10.4,
10.6,
10.8,
11.0,
11.2,
11.4,
11.6,
11.8,
12.0,
12.2,
12.4,
12.6,
12.8,
13.0,
13.2,
13.4,
13.6,
13.8,
14.0,
14.2,
14.4,
14.6,
14.8,
15.0,
15.2,
15.4,
15.6,
15.8,
16.0,
16.2,
16.4,
16.6,
16.8,
17.0,
17.2,
17.4,
17.6,
17.8,
18.0,
18.2,
18.4,
18.6,
18.8,
19.0,
19.2,
19.4,
19.6,
19.8,
20.0,
20.2,
20.4,
20.6,
20.8,
21.0,
21.2,
21.4,
21.6,
21.8,
22.0,
22.2,
22.4,
22.6,
22.8,
23.0,
23.2,
23.4,
23.6,
23.8,
24.0,
24.2,
24.4,
24.6,
24.8,
25.0,
25.2,
25.4,
25.6,
25.8,
26.0,
26.2,
26.4,
26.6,
26.8,
27.0,
27.2,
27.4,
27.6,
27.8,
28.0,
28.2,
28.4,
28.6,
28.8,
29.0,
29.2,
29.4,
29.6,
29.8,
30.0
],
"conditions": {
"1back": [
0.3438591883831875,
0.3232330439546408,
0.3050655513830026,
0.28798633142134045,
0.2721307616456933,
0.25816306557528795,
0.24570236990493594,
0.2343471776988545,
0.22509794058055435,
0.2188736173966088,
0.21483859020419832,
0.21171327734849751,
0.2094036641269157,
0.20841390408618526,
0.20845707368114594,
0.20827260286751567,
0.2070989876526247,
0.2059370895281507,
0.20646297447870585,
0.2089617802732689,
0.21224849866836998,
0.21561576728927248,
0.22063192314900285,
0.23059904788466834,
0.24702958805380948,
0.26710195566253375,
0.28649336610409304,
0.30359654422739457,
0.3187160196614014,
0.33115949423727725,
0.3400640088856824,
0.34690937798352006,
0.3551003667226268,
0.3672435678432219,
0.3831855784952983,
0.4000374220303958,
0.41367192782670964,
0.4206936766391506,
0.42033077244991224,
0.4154671687615695,
0.4106942849227921,
0.40719484331132805,
0.39984340608551033,
0.38164765903224257,
0.3512346783922001,
0.31405209953101837,
0.2766738779202522,
0.24263781345746707,
0.21346847469863245,
0.19017198419073328,
0.1725982585076891,
0.1593055482359516,
0.14879984830342186,
0.1402213934069001,
0.13313990623742314,
0.12736327020365512,
0.12274032470082366,
0.11891492592962588,
0.11550136421492788,
0.11243980201137059,
0.109817358067682,
0.10751101555193292,
0.1054542399787024,
0.10392356195106214,
0.10301324486174364,
0.10225786323175494,
0.10122928128374765,
0.09992830380897945,
0.09831799312577641,
0.09620125525983426,
0.09370769205362921,
0.09120284822359309,
0.08873133567252861,
0.08611944032865211,
0.08342655343569876,
0.08082844466273825,
0.07830380179594734,
0.07575640810417962,
0.0732513640655966,
0.07095422659229662,
0.06892193807698013,
0.06702455580457488,
0.06507307994713987,
0.0629873056116815,
0.06082768947559579,
0.058761172060331705,
0.05700100134981066,
0.05561261439121433,
0.05438904157329275,
0.05309572041535981,
0.05175409710953913,
0.05049760069194474,
0.049308379937970055,
0.04809268096966557,
0.04683568470552611,
0.04553371773112235,
0.04416295001357498,
0.042791005844264436,
0.04153392676516646,
0.040389191710070306,
0.03926378002203918,
0.03813629442045043,
0.03707681158772417,
0.03613283127658235,
0.035263222937173565,
0.034389578156423586,
0.03348572074046217,
0.032585621636656834,
0.031709406784224785,
0.030831713632263866,
0.029944481457299464,
0.029114952609144054,
0.028446306634564232,
0.0279800538757816,
0.027639745553122836,
0.027277585624975738,
0.026802304358334392,
0.02624820697966612,
0.025686906986774304,
0.025137731743050458,
0.024636242360714915,
0.024286238730789892,
0.024116111190180676,
0.023968654089404226,
0.023675965797397412,
0.023279370430492257,
0.022932559130519243,
0.02265528066160126,
0.022354985717006528,
0.022033555141727876,
0.02178517147644949,
0.02162602861990237,
0.02146774503424382,
0.021217135754039218,
0.020845820402563293,
0.020435921101255784
],
"3back": [
0.36015498438988547,
0.3395674087013274,
0.3218742502100796,
0.3062902578867395,
0.29209403124090305,
0.2778724666150371,
0.26228875684395525,
0.24718258975652568,
0.2362542641376715,
0.23030704115081577,
0.22672985751560162,
0.22319855458721827,
0.21989890868857837,
0.21867087185078754,
0.21941279945424913,
0.21813425899711755,
0.2120414242789394,
0.2040779352974348,
0.19829175007084374,
0.19461629976228942,
0.19153931735639437,
0.18952724342659982,
0.18946298810222084,
0.1911898543236206,
0.194790515376329,
0.201392922585594,
0.21264835374679822,
0.22954855506726804,
0.2502634051564681,
0.2694297885495577,
0.28210814256003636,
0.289173865274412,
0.2969540786443066,
0.31066909150360905,
0.3294753446803655,
0.34822564768153796,
0.3622829369422652,
0.3699442717682095,
0.37177780541197636,
0.36888162758443926,
0.36209479835119923,
0.35271199170973083,
0.3421758895404147,
0.32956928259057033,
0.3113423670597472,
0.2857240897594445,
0.2558903079159087,
0.22703104675919078,
0.20195210012654058,
0.1809165423014184,
0.16373900983824943,
0.1502121860448779,
0.1396643905466702,
0.131427480502189,
0.1252472651518585,
0.1207507746202623,
0.11702778780851235,
0.11318824605160085,
0.10915614805245409,
0.10557478158106398,
0.10294654450546181,
0.101137833933424,
0.09968546695320041,
0.09819598940672508,
0.09640309896955426,
0.0943397875975181,
0.09256352575719594,
0.09156079074244212,
0.09084826710376195,
0.08946491267093871,
0.08732906628885855,
0.08526804337091645,
0.08382543198558746,
0.0827208202637538,
0.08135385644905233,
0.0794535833208509,
0.07725888296968283,
0.07512565032640267,
0.07306786150129099,
0.07086472974362458,
0.06848696110517949,
0.06617738969511403,
0.06415589438529977,
0.06240697556036659,
0.0608059385018246,
0.05931860159147639,
0.0579120279299467,
0.0564334561416946,
0.054835816879108185,
0.05331742681776314,
0.05195557979609468,
0.0504444713940806,
0.048498258621351556,
0.04634021070970914,
0.044529423957604924,
0.04335106422288594,
0.04253819178974431,
0.04161387810113194,
0.04039625656545347,
0.039083919420842564,
0.03792897291162835,
0.0369766518326954,
0.03610160212815343,
0.03515490950131806,
0.034069165174512174,
0.03291913886513479,
0.03188713810827825,
0.03111089807309852,
0.030543709740397853,
0.029985035208534124,
0.02928605753011068,
0.028494365762782966,
0.027737398303764333,
0.02705837604352637,
0.026457554802803138,
0.02594535581495235,
0.025474663009774835,
0.024988931557827446,
0.02454868660767779,
0.024237679320574725,
0.023984088690206497,
0.02362398949006928,
0.023109519935378384,
0.0225639372676626,
0.02213658138835025,
0.02186317850111082,
0.021695559519292657,
0.021585778539240534,
0.021462369176584777,
0.021212125723004745,
0.020786045936358313,
0.02027374245158867,
0.019816915012788747,
0.019482329154450036,
0.019244465243874236,
0.01905291539844054
],