{
"metric": "gaze_deviation",
"unit": "px",
"conditions": [
"1back",
"2back",
"3back"
],
"means": [
15.841613277954252,
17.80610850140494,
20.93344797336534
],
"sds": [
5.538329337435487,
7.466792656721893,
12.581352724868195
],
"individual_subject_means": {
"1back": [
24.05966265996297,
14.987513455477627,
12.827602624893188,
14.35386697367618,
14.681200611457395,
11.336701300409105,
14.438447521283077,
12.275475616150715,
13.754101887345314,
22.96391394863958,
7.407240069539923,
12.666054877829044,
13.857580552498499,
29.18227040624044,
10.23102421419961,
10.630339797885938,
13.877762410515233,
30.92064216680694,
15.926823139190674,
21.709439199111042,
7.947622844853352,
11.511038906872272,
11.283291047034057,
13.513036109588958,
13.387520509017142,
21.605365071031784,
15.711551970623908,
11.16168385191062,
9.065886203278886,
18.39056118859185,
13.409334295251396,
12.493580333730007,
21.654249370098114,
15.55797688002439,
13.768884282112122,
16.711427588211862,
19.864958583667715,
28.44873713175456,
13.075405329465866,
7.398200471777665,
20.804009209508482,
14.667515189377303,
12.523191168904305,
10.108616823678489,
15.855607589085897,
17.064943971131978,
11.276201958558998,
19.18272074832711,
18.84453326529199,
9.623224066753014,
10.895031010111174,
15.670919257767347,
11.421531472206116,
11.057073015155215,
16.16619046361823,
10.434435829363371,
15.001864915253014,
11.880246167597564,
19.074129451404918,
30.436960236100127,
21.480525223895757,
23.756942582417683,
23.59047723303036,
11.784347342461654,
18.58983535071214,
11.30137250297948,
11.650671102106571,
8.810491981713668,
27.252302850995743,
19.83920528600504,
11.478008221606819,
11.516324675710578,
7.268012814521789,
15.24090884887066,
14.285309496614122,
24.713307997454766,
27.679352911780864,
7.018629007339477,
22.033182066679,
13.920965747630342,
16.958361399542426,
12.834331632864595,
15.869252937811392,
15.563921748138055,
15.90430669784546,
16.489180028438568,
17.875447840439644,
15.299763745449958,
21.366062524418037,
21.568047621815474,
14.86294260892001,
10.907228479994105,
26.483148208031288,
9.404784259796143,
22.395468240830958,
18.87518555323283,
14.017614500863212,
11.685486388462847,
7.7348136201347275,
10.658614529503716,
25.9163018413212,
14.409463199143557,
16.906940761365387,
20.294018083148533
],
"2back": [
11.199893890543187,
18.207359647750856,
20.764092390564667,
11.791170054293694,
17.17548954637745,
13.666917630995828,
10.391190478676243,
8.619745627798215,
19.59427557605328,
18.624117379777886,
9.038049366599635,
18.843496368481564,
14.991172752758064,
44.28440660973118,
16.378511045290075,
18.701450940182333,
18.77643184759179,
21.16038321465561,
18.54509959558044,
26.797375344094775,
8.577220390672268,
11.12151561869253,
11.53867638370265,
18.898684271952,
18.570936943093937,
33.74044266614047,
26.47448572582669,
20.52212291955948,
17.028111815452576,
10.397002830505372,
10.050995276524471,
12.019726951917013,
21.233188015399595,
22.881144364674885,
14.253052835879119,
20.411221807653252,
14.127290710326164,
37.976659314198926,
15.723020563420562,
9.711919491705688,
19.364309889204957,
17.640689317803634,
17.96400621533394,
12.707382284184938,
21.08292818069458,
21.382248690634064,
19.158974404237707,
16.571420173452356,
20.798827374235113,
15.542700664813703,
12.544333900724139,
16.117957159415962,
13.432391063790572,
16.681053469578426,
12.099389919126876,
8.46703272707322,
11.043045325028269,
29.821160245448986,
19.70585179815487,
22.12563809384121,
22.39395565061427,
9.649401725554952,
18.75737453244396,
19.544622528309723,
29.145018218545353,
13.461577322608546,
12.333441208819954,
14.153985830453726,
22.233687965766244,
15.774081601594624,
8.471548241798324,
15.348529130854505,
12.067123436927796,
13.961405597551904,
16.984709521134693,
32.90267092760872,
14.002812226613363,
6.291577020494064,
27.649593035380047,
13.221249339506798,
14.69160353889068,
10.268722293303185,
14.113204819090823,
13.405539806499037,
21.261024181288903,
17.046453659158004,
17.175232639118118,
12.019828849909256,
15.128142489600428,
44.15332985917727,
13.163670672583827,
9.705155330399672,
44.04896415448656,
10.096536305871341,
20.516783116877765,
17.853690147399902,
11.009011569776034,
11.57003494224163,
24.76038673300492,
19.956767025201216,
24.16344413076128,
20.10860217885768,
18.449991317022416,
31.761410221140434
],
"3back": [
16.750266730130374,
17.45839016563014,
10.299612955844148,
14.900350823402405,
19.377448471643593,
13.958751495494399,
18.958183026313783,
12.557103790418067,
11.219535893084956,
22.893170195110773,
10.91877418878127,
11.634055663128288,
19.311794568081293,
67.34891430335709,
19.788628209021784,
28.905527819757875,
20.763741718825475,
19.367159873560855,
18.31797504425049,
50.933308853822595,
7.780528416438979,
11.026385855428952,
20.69925409168392,
15.246046345643324,
15.37950853506724,
30.616936575691653,
34.299592378404405,
19.347462506638358,
26.371655671492867,
13.839338351770774,
11.90133109887441,
17.880400711728125,
29.119121710459392,
30.27742515521103,
15.941485638419786,
29.077916456305463,
22.880076964696247,
25.304274345437687,
13.564311379134052,
12.106545635823453,
25.123810562432983,
23.80671762890286,
10.219477805894675,
14.039095816987285,
21.523641963548297,
26.897358854193435,
16.428190998002595,
14.32466427567079,
35.94223246574402,
15.231315612792969,
27.797181460322165,
17.9993236286124,
13.010953044891357,
21.61777193205697,
21.811208368602554,
11.426134026050567,
14.395609103308784,
25.62884346982266,
20.874118254356777,
26.360819604661728,
18.927721481697233,
19.244737181333033,
18.8909964413987,
16.088875794174648,
20.68395172197794,
11.942200431729308,
15.139236129060084,
14.156369945277339,
33.40771390973907,
24.42769031939299,
10.196017523201144,
14.840924755386684,
13.37558458269257,
17.38471402945342,
17.624236909710632,
36.473559595289686,
14.802290045485204,
7.702314761220192,
16.14131892943869,
15.623861666729576,
17.802305915138938,
10.777098841965199,
17.86294914520893,
20.45903019328694,
36.42378239009691,
15.293109495615221,
14.931512514750162,
15.774658129387294,
14.18757007519404,
78.52177838138913,
21.347926242534932,
8.362689861143478,
92.42331416606903,
13.207499215602875,
19.68555111634104,
17.242277238786833,
12.33440215479244,
20.195178597243792,
11.798714036844215,
22.699639299180774,
33.51041078567505,
29.95564801085229,
16.409568591993683,
26.016898185648817
]
}
}