{
"metric": "bcea",
"unit": "px",
"conditions": [
"1back",
"2back",
"3back"
],
"means": [
995.2786141427964,
1129.036854637954,
1547.964269022309
],
"sds": [
1074.0209014462478,
1479.7731921672153,
2411.975881468292
],
"individual_subject_means": {
"1back": [
431.3067102100774,
386.3365606278969,
219.72152100554936,
610.6091390083599,
687.8203961777645,
449.99314489665244,
430.0202833474667,
392.45917940778645,
199.36400170758498,
830.2064242148898,
312.5902333436797,
528.1258093117455,
852.9365257749841,
4013.0246170764726,
404.53529083851424,
606.1855522494337,
983.5868370627662,
791.1222945498157,
1132.7665609719077,
3108.843455809029,
243.49964066112682,
276.4005800034485,
305.53605277940414,
523.1963656293541,
428.6450421928319,
1094.9709739539203,
591.8013395421402,
355.6045575720811,
243.648387287453,
2538.678079795228,
696.3489237180187,
963.9047462900656,
303.52667223183226,
1490.9858598240019,
831.2493135397322,
1160.6612580044907,
1079.0220497216128,
1894.5120465241325,
218.6085545435997,
226.6713345796488,
3139.2805617490712,
545.5258603836367,
936.3942372776354,
712.6432058719706,
1155.6379729262258,
1307.5328860674774,
530.9350290628815,
1174.1830220081408,
1571.2316219339439,
306.76324229244733,
466.4790555330958,
329.8440616481351,
160.84528427392118,
240.18584175364555,
412.5385992091072,
593.2463178303157,
691.5264023325432,
853.5774503954104,
1410.6292131772484,
2899.3088071155603,
2861.3526125819167,
6026.0619865463705,
380.946422831224,
357.97596181406436,
642.8245419058468,
529.4654704341999,
492.79774408699024,
274.6665210097059,
3842.982315661994,
643.6553782006463,
284.15031371647706,
609.2161637343861,
249.1863348607004,
768.6701887334822,
1114.1669431284242,
1817.2554881773938,
766.5456515470313,
143.41016603257864,
933.6237897585294,
1345.638877611628,
584.9368217469428,
384.91593071170234,
901.5831511076925,
473.7788568478493,
1012.2717003568979,
504.9544425019172,
551.3901190514932,
1009.4227034506868,
288.1780550255018,
1048.3712509371612,
653.6163135722121,
302.47732436323633,
4611.606752670591,
293.75962539738,
3132.27622293972,
2913.84337959249,
785.7878236856978,
1013.5867675206927,
203.07907374496364,
559.9770290077975,
284.81609940704254,
317.61152264469297,
697.8861026666849,
4616.920940697284
],
"2back": [
456.71648702761246,
411.4926036410738,
227.4462022509638,
663.2398918844049,
1110.3247272951392,
269.4533757099162,
550.2008690633063,
235.7887983240633,
172.1427523373382,
867.189076088682,
252.17640892780818,
442.5301481762145,
404.6405956416587,
7529.1160573088055,
456.4628865498075,
408.8377607485198,
1195.5826067108783,
1147.882933045466,
476.8984801620056,
4216.42198211925,
263.4018179112604,
400.3453652796654,
252.1629158753683,
247.09634776256547,
1747.7111255767024,
1709.5078948379285,
783.2560159872951,
433.09018962201054,
277.90851835909933,
386.2103083933122,
453.841799030419,
592.920310988283,
615.6748871893806,
2230.2128345678116,
690.8878932959237,
2536.1238186271157,
567.8340569120245,
4898.977939151949,
223.62798575586132,
229.94369980793263,
1622.2246969883076,
985.8625854569647,
473.2204847685443,
508.8341283529852,
1224.1280543816936,
1759.9825708049161,
695.0888674756897,
1403.6873477498543,
1621.7780816657298,
273.0193505062511,
914.8243443101619,
410.1596370124319,
292.3860172620137,
382.37000442414666,
453.36241951308784,
290.78492400609844,
396.8131742135993,
1787.4160339388984,
975.8274898090998,
2523.0076338164404,
1290.6762645692163,
400.80533678391095,
551.5728617660053,
780.7706868592787,
554.6837723965481,
494.72929144573294,
421.515935588531,
313.7368035026555,
3972.6833244814266,
474.94896449861153,
234.7778579571793,
785.0661157505459,
288.52256761845615,
438.81554082134124,
1020.7813904825944,
1231.5864763818415,
1234.900647806219,
123.20100850317027,
748.6357789670686,
1211.0472013990209,
949.6502815033133,
369.1178226206229,
661.6241593404623,
352.5258224742758,
2490.967749804283,
487.8295866649763,
504.47698313709,
716.593576751615,
235.0868597313775,
5329.558039768256,
740.2416654558493,
177.55504932638632,
8018.074507521794,
319.2894834012835,
5945.06369911319,
2111.6397787016635,
724.5784873938427,
765.1044268215253,
292.81189519941034,
3089.173401591834,
337.77445124055146,
360.37253180436267,
531.7464113007727,
5305.460169697391
],
"3back": [
585.7249662817171,
610.8282945210403,
190.6267606148477,
668.4956343919059,
1410.5316295074663,
192.789912204504,
4477.398500952194,
705.2435066980539,
191.26915220969838,
852.6777665541036,
416.85787745673764,
443.9537978461776,
592.591261631703,
16062.150408606103,
532.0814965318849,
664.4625454540576,
2275.3601385029906,
3391.139813463391,
820.5551971470835,
8699.758915459024,
274.90019535114885,
534.3903355780342,
315.12785714778636,
558.5729529646538,
1457.5513648530875,
1112.2696340303264,
647.2562337122046,
499.12777243811007,
322.08257750295184,
612.2741748870524,
450.8980427574095,
356.7158449077986,
395.26419913820524,
3444.3719424021206,
1442.0203240964636,
2786.9054070877173,
1925.417063545251,
2976.136809529769,
546.3889582019757,
249.05196535772242,
2347.5393251730275,
840.2911873179543,
670.32359036297,
783.2521635824364,
975.8106553134937,
1417.604628226846,
518.0362085117446,
514.2562695590906,
3745.2746541232336,
376.89322007698996,
4184.058996728252,
495.25854745383435,
363.75972381881917,
489.15837813256337,
606.4157451661825,
280.0329243495708,
320.7090580572594,
1423.209052669221,
3417.020263866739,
3579.409199966239,
1815.9557505824744,
333.4955096626624,
666.4567863669058,
652.4206598168734,
1027.7662864859583,
565.2391906614041,
437.85947836725614,
426.06215209640914,
4850.939782922623,
615.5824699463434,
655.1841863207421,
761.8092304943768,
278.22070409930893,
532.151110572523,
1670.94391224202,
3130.076342899586,
641.6075958840286,
216.71714987785572,
1259.7873892074836,
1510.5666094398684,
1078.9425224145416,
227.6726874415286,
655.3937155555933,
469.66251052356904,
284.790445064405,
490.7811905287872,
302.2874562675425,
986.0842880676327,
287.3240526808106,
8028.333639022259,
678.2666503945132,
167.0103069867859,
13806.396252703737,
1016.8898225953377,
1624.0264386692636,
2349.622912142597,
682.711858947364,
3142.991618469742,
428.1161551572137,
5024.679790304177,
493.80189744905056,
351.6298130677813,
596.0059345348002,
3726.484697403448
]
}
}