{
"metric": "spl",
"unit": "px",
"conditions": [
"1back",
"2back",
"3back"
],
"means": [
8.70031195843902,
8.59335467023354,
8.669782352936714
],
"sds": [
0.7778623566361405,
1.008658543512632,
1.145510607001002
],
"individual_subject_means": {
"1back": [
7.0710721330510244,
9.365266910707108,
7.5325346315229265,
8.79453532926498,
8.723511328857937,
8.607954381526202,
8.87497381063608,
8.125558898804035,
9.33466972049914,
9.104284475137899,
8.41687569869192,
9.307700370220427,
9.21289573609829,
8.573406391833203,
7.574075776338577,
7.892724843252273,
8.931421882227847,
9.391566418764883,
8.50329560559729,
8.094891247295198,
8.659651225375146,
9.110485094471981,
7.821193749489992,
9.414966363173265,
8.246634653994912,
8.917020232336862,
8.495988679968793,
7.862383321388481,
8.709023338683108,
8.924270284838146,
7.830404212675899,
9.60982530675036,
9.230803514520327,
8.534016969277687,
9.340199280758293,
7.7651052690566855,
8.597112774848938,
11.080054295857748,
8.9344511727492,
8.096814126717417,
8.350087875848288,
8.916363840301832,
9.31227927406629,
8.036337462307392,
7.949490726376191,
8.920872607984041,
9.03805523989152,
8.722706659809573,
6.905130819840864,
7.198651258335557,
9.520815988381704,
9.775036737322807,
8.89574173927307,
8.191275363167128,
8.76771693407221,
8.576602905674985,
7.642713641072367,
8.677034096284347,
9.444004575001825,
8.12312623883082,
9.491089936458703,
10.311806655511624,
8.648447228461198,
8.70235992732801,
9.26271036018928,
9.21701377567492,
8.794200947410182,
8.17800721797076,
11.405334526741946,
6.275253589903371,
8.996945108686175,
7.821445509007103,
9.40990939617157,
8.97092412647448,
9.404225931372693,
9.803180850070456,
8.693730556263644,
8.78459786882206,
8.71756586432457,
8.635593977380307,
9.349407363183719,
8.84321088983555,
8.250570703435827,
6.941389602950856,
9.471072053396574,
9.121297733350234,
7.738627376054462,
8.505134002022121,
9.360278939207396,
8.663071508156627,
8.405556442761663,
8.446076196172964,
9.181214921503932,
9.480772819519043,
8.92262398755109,
8.93574574694914,
8.315907724611051,
9.020399313294485,
9.574457370128828,
8.163719523520697,
7.720578464594754,
9.168430888775697,
8.310493800588834,
7.84039951076633
],
"2back": [
7.12224049188874,
9.356893291473389,
7.2511881945969225,
8.745616489841092,
8.161956802794808,
7.496996445828174,
8.905268674147756,
8.401399213440564,
9.131516300510652,
8.8061009591276,
8.560209527928778,
9.67312411700978,
8.831762620718171,
10.590552047944405,
7.225559059778849,
7.395786191554779,
8.980831983138104,
8.751593260420966,
8.710379477628727,
7.483260597661138,
8.312458473247487,
9.111404136735565,
5.8073060386710695,
8.900115274801486,
8.411886163055897,
7.791203833543337,
8.310078447005328,
7.890995006812246,
8.379032696617974,
8.566315641403198,
7.451786468768942,
8.543114236060608,
9.386915560996178,
9.378517580556345,
8.39638627513071,
7.655623384196349,
8.068283465600782,
11.712407648563385,
8.848637762757921,
8.34772240713741,
7.215737627398584,
8.743805748351077,
8.552100814016242,
8.439258327195933,
5.555277386778279,
8.218446230401797,
9.143451869487762,
8.747341024632357,
7.527519722696808,
7.502856654780252,
10.29480031071877,
9.644605233497227,
8.329937473587368,
6.760417268921931,
8.652909283686165,
8.219186464945475,
7.633487863743559,
8.72479851429279,
9.132331929308302,
7.900440376858379,
9.109633524026444,
9.04654200709596,
8.924084363524447,
9.041345366409846,
9.311296894971061,
9.309663506558067,
8.886193791615595,
7.317601015401441,
10.135098924050512,
5.806309514638523,
9.062335110674,
8.225565412542322,
9.244662003517151,
9.142224695264678,
8.059618326988849,
9.270184270073386,
8.826543692704085,
8.863815206469912,
8.016822229732167,
8.632347747683525,
10.30033435424169,
8.726767083009085,
8.478834367567494,
6.795085099164178,
10.44376390148895,
9.392788038755718,
7.651539839420122,
9.152647495269775,
9.003920274911467,
10.730538241406704,
8.484191248814264,
8.370399926571135,
9.991249140571146,
9.801252360391144,
10.013078966359982,
7.912157553083756,
8.429941999151351,
8.955222341203198,
9.85348643252724,
8.477651762158683,
7.878170463017055,
9.644090003155647,
7.696200668811798,
9.502550164899892
],
"3back": [
7.305736857791279,
9.526044710058915,
8.21404874866659,
9.504023556757454,
8.615542974523319,
8.212005801317169,
8.81548705727163,
8.953145027160645,
9.22993042422276,
9.220337210030392,
8.335003035763899,
9.399952567353541,
8.694102477054207,
12.106634945064396,
7.5257222547635925,
7.791445823197954,
9.398004619024134,
9.96078486693533,
8.692929749586144,
6.968418840763729,
8.187449421201434,
9.19132075358912,
5.002039216002158,
9.5171771876666,
8.09538851181666,
7.298439328670502,
8.48734090569314,
8.353864433944866,
8.277585331598917,
8.906191535831727,
7.416485685772366,
9.612863118449846,
8.644199080216257,
9.445833356192942,
8.655749455755275,
8.234221374595558,
8.45692677212798,
9.807032960156599,
8.877448997112236,
8.26154714752646,
5.614571647097667,
8.39950760479631,
8.752975041104346,
8.153436470648337,
7.540506729596777,
9.170786084626851,
8.149935187125692,
8.73432473546451,
8.232387287672175,
7.322397261249776,
12.037284452088025,
9.927584820186969,
7.606746690413531,
5.953528526317642,
8.831572387092992,
8.353090300559998,
7.582297870911748,
8.502652910020617,
8.846340576807657,
7.7820914639367,
9.773427042306638,
9.693338208198547,
8.807189499338469,
9.005045507893417,
9.239246663359022,
9.151270370672245,
8.926085043926628,
7.790491243426719,
11.872806612978277,
5.672690843993967,
8.9553988612428,
8.8136169857449,
8.900377362966537,
8.99084382587009,
8.921125207258308,
9.715384919959378,
7.84847078761276,
8.266170226037502,
7.9238676343645364,
8.504330252079253,
10.070220339054964,
8.57568796559384,
8.667327423890432,
6.030476030978289,
8.225116263265194,
9.734251907191325,
7.433120193688766,
9.192541535864486,
9.470736682415009,
11.265582393813919,
8.25847574380728,
8.509502449420967,
9.539264618605376,
10.332956359386444,
8.848633066467617,
8.925593837778619,
8.29335132033326,
9.803767301858617,
10.132813492599798,
8.634881285103885,
7.923996177879539,
8.859981677111458,
8.702699179234711,
8.762786191898387
]
}
}