{
"metric": "spl",
"unit": "px",
"conditions": [
"1back",
"2back",
"3back"
],
"means": [
233.51540929539462,
231.34174516816796,
232.30766798934363
],
"sds": [
64.7035001423111,
74.9175527275418,
84.3621978927478
],
"individual_subject_means": {
"1back": [
147.23727661132813,
293.2353375367444,
105.02606735229492,
183.8155577007093,
198.45925328972635,
154.17791824340821,
280.8821648817796,
195.46499552625292,
303.3390763600667,
287.5080856654955,
221.41951374254728,
264.15020557160074,
268.82788785298663,
240.0759489220309,
165.6938262212844,
175.88136015267207,
211.5567985133121,
352.7512413158751,
262.2166527457859,
216.66499963648178,
181.35076141357422,
270.3171715736389,
205.7214531276537,
199.73108656327804,
218.89431208560342,
212.1505175696479,
243.301784109562,
178.81521803079193,
158.90717802656457,
290.2933293024699,
228.78632191861612,
327.7909891656105,
304.0611842473348,
208.92694154719717,
228.81305160522462,
182.67365975630912,
194.99165951308385,
302.55906748453776,
238.3070012728373,
129.63593320344623,
240.17688987566078,
461.49761522430737,
319.8992226918538,
149.1310951945546,
289.83725376618213,
347.67392883300784,
252.5445849360252,
289.1630802769815,
171.9395159627055,
198.96360928404565,
213.05001719792685,
199.5909092183016,
246.22643600463869,
135.64328357426808,
187.94519026906866,
170.63828221371298,
209.09837948378697,
230.56248474121094,
270.28083431359494,
307.85517914827204,
279.57557423909503,
411.13968594102977,
168.53693179694974,
245.0222287522149,
406.67669872442883,
373.7865364476254,
270.92611344655353,
156.28536108265752,
321.813935143607,
124.41664492428957,
228.42060384944995,
148.6953177803441,
223.55752395629884,
226.75749238004389,
306.19635937877536,
303.4502321326214,
206.22727535472197,
187.4478773498535,
224.83773517608643,
225.81673033694003,
223.74848324490577,
211.94723418264678,
187.95716547082972,
140.2628889316466,
247.85650747198807,
216.22546698830345,
168.9590506302683,
250.4609566546501,
314.80341386795044,
236.04863440130174,
220.31072273639717,
191.81966010560382,
291.38980395977313,
159.55718627929687,
254.50053252243413,
241.47653299967448,
155.15799595759466,
319.68700515583,
164.79351672929587,
271.3644515991211,
217.40396628172502,
192.57096736947287,
213.27862548828125,
228.30435792899425
],
"2back": [
145.81446891135357,
311.2478507995605,
96.6948172032148,
223.13708317533454,
196.64873137655138,
135.4512449242603,
270.43754963121916,
176.45885128445096,
287.88953588504603,
267.1520780070444,
217.3436369243421,
260.0221903874324,
261.42403676250194,
375.8770520981044,
158.9355350991954,
157.551563463713,
226.05275103510644,
305.99314062374157,
256.46086505928423,
201.07251219522385,
153.1552893597147,
309.83910619150294,
98.14000992153002,
256.2344485027034,
337.1316809654236,
206.88249437736744,
235.98623275756836,
185.95650025208792,
141.89300603451937,
378.58253021240233,
190.1489456512116,
221.6982468763987,
333.86636216569656,
247.40108375139133,
181.95068670355755,
203.83399335302488,
164.60741121025495,
423.7130214517767,
214.99189836954332,
146.65385304326597,
169.81485728000072,
419.7403651187294,
256.16820828119916,
169.41998770929152,
140.9841100475456,
241.10610329984414,
233.2079758936045,
269.403573315553,
196.73024043631045,
182.11080451378456,
291.37026930828483,
199.5763565535398,
234.73227763928864,
98.25322182973225,
189.05137333725438,
144.40650850183823,
201.11157355057566,
254.62338971077128,
235.39872368014588,
312.8472814667091,
268.28085372697063,
192.41798688927474,
170.87200699639075,
281.51509981739275,
429.8739683263442,
329.09240562037417,
275.1835708618164,
134.17579281985104,
289.10169097651607,
107.99219434637773,
208.67472870181305,
164.58952173273613,
242.00916046142578,
205.03666209211252,
206.06255666414896,
278.4136424345129,
193.93350291252136,
189.71626553677098,
198.247388543023,
210.87806827505838,
246.08258374532065,
220.3851908261014,
203.25973697418863,
128.67322185427645,
371.7904843031758,
215.42330579255756,
166.09432485152263,
250.78921150674626,
324.39656475893,
390.2032763163249,
212.37660185823736,
185.16771292686462,
356.6319258446787,
168.58724431708308,
346.88333463120733,
175.8341483586951,
159.1593556454307,
314.4833474207406,
181.3351159346731,
310.5539187555728,
211.0671654837472,
189.4823364095485,
177.28099523271834,
373.1438285340654
],
"3back": [
165.79769318968386,
324.60295185289885,
125.83512667392162,
296.3871099853516,
240.46335782286943,
131.3521183812341,
296.10408172607424,
195.45956528788867,
287.8641219793582,
282.98291015625,
228.85133245039958,
261.7563395597497,
262.54256236796476,
594.3550590804861,
165.04784106182797,
152.57648969733197,
239.92646084036878,
439.6891246594881,
243.14931098782287,
218.90788888931274,
157.0079059990085,
339.12822180679166,
84.12482281474324,
189.71328534983624,
214.6033059755961,
161.08153706676555,
231.4437156677246,
199.9951990658475,
139.11718401701555,
270.17546679309964,
192.71215108235677,
225.1888427734375,
266.9571045239766,
251.88303118073537,
184.32503310839334,
212.84343271670133,
214.21514908472696,
255.73092830181122,
227.85771371860696,
144.04857172590962,
114.84384364707797,
360.38937394883897,
275.659994774258,
155.00264847144652,
188.2633400446252,
256.3585605019017,
201.59279916800705,
211.60119259234557,
252.5807826783922,
201.32860660552979,
453.76533103475765,
214.9424787698333,
207.9925448099772,
79.86882936386834,
190.5205621016653,
148.37814323425292,
196.22375814649794,
234.65280946772148,
259.21729628572757,
260.78636678059894,
304.24809788722615,
176.99822869631325,
184.106737195831,
288.27652143723896,
406.41364705193905,
315.48807034634126,
314.5413780990912,
130.7640791353972,
317.21866670588855,
101.60954040029775,
182.39573661648498,
157.49372822305432,
205.02203872523356,
203.061238889341,
252.61488824961137,
323.3202558244978,
161.85634967258997,
179.70065883714327,
221.28893941762496,
224.2027687875848,
235.08842946062185,
208.5071808497111,
206.72052112068098,
107.95299115023771,
168.45328554899797,
235.61209719943017,
148.41351646505376,
275.9161974720119,
358.6489445368449,
493.5992505861365,
217.92066157414362,
193.96963038589016,
362.024730348587,
198.86792816162108,
219.20371350740132,
193.60480216114792,
145.8340350931341,
388.49740899469435,
200.50535583496094,
334.73701646592883,
210.24800472259523,
171.10348091873468,
197.6999672091737,
256.4734390745772
]
}
}