{
"freqs": [
3.0,
3.2,
3.4,
3.6,
3.8,
4.0,
4.2,
4.4,
4.6,
4.8,
5.0,
5.2,
5.4,
5.6,
5.8,
6.0,
6.2,
6.4,
6.6,
6.8,
7.0,
7.2,
7.4,
7.6,
7.8,
8.0,
8.2,
8.4,
8.6,
8.8,
9.0,
9.2,
9.4,
9.6,
9.8,
10.0,
10.2,
10.4,
10.6,
10.8,
11.0,
11.2,
11.4,
11.6,
11.8,
12.0,
12.2,
12.4,
12.6,
12.8,
13.0,
13.2,
13.4,
13.6,
13.8,
14.0,
14.2,
14.4,
14.6,
14.8,
15.0,
15.2,
15.4,
15.6,
15.8,
16.0,
16.2,
16.4,
16.6,
16.8,
17.0,
17.2,
17.4,
17.6,
17.8,
18.0,
18.2,
18.4,
18.6,
18.8,
19.0,
19.2,
19.4,
19.6,
19.8,
20.0,
20.2,
20.4,
20.6,
20.8,
21.0,
21.2,
21.4,
21.6,
21.8,
22.0,
22.2,
22.4,
22.6,
22.8,
23.0,
23.2,
23.4,
23.6,
23.8,
24.0,
24.2,
24.4,
24.6,
24.8,
25.0,
25.2,
25.4,
25.6,
25.8,
26.0,
26.2,
26.4,
26.6,
26.8,
27.0,
27.2,
27.4,
27.6,
27.8,
28.0,
28.2,
28.4,
28.6,
28.8,
29.0,
29.2,
29.4,
29.6,
29.8,
30.0
],
"conditions": {
"1back": [
0.00022186292842049462,
9.163669807743212e-05,
-9.699676138676095e-05,
-0.00036048888983856244,
-0.0007186247697974521,
-0.0011949050863391284,
-0.0018168876369387273,
-0.0026164500412143832,
-0.0036299232864263056,
-0.004898033553743944,
-0.006465579530286704,
-0.008380766990196574,
-0.01069412509786763,
-0.013456942744093314,
-0.016719190416230247,
-0.0205269339944336,
-0.02491929938616367,
-0.029925106302140625,
-0.03555934866460977,
-0.04181974977343054,
-0.04868365434121399,
-0.056105530628001395,
-0.0640153410611575,
-0.07231799943334642,
-0.08089407081675035,
-0.08960179280210406,
-0.09828041075155486,
-0.10675473266254759,
-0.11484072750059397,
-0.12235191991927824,
-0.12910627836347818,
-0.13493325560519487,
-0.13968062254235586,
-0.14322073827657697,
-0.14545592187438078,
-0.14632263291603465,
-0.14579422744282564,
-0.14388213100345218,
-0.14063535795646212,
-0.13613840148500486,
-0.1305076159319947,
-0.12388630478442128,
-0.11643880595252222,
-0.10834392323952419,
-0.09978808294746963,
-0.09095859399054254,
-0.08203735881791145,
-0.07319532482401517,
-0.0645878890457666,
-0.056351382349161594,
-0.04860067318174621,
-0.04142785446297952,
-0.034901916997365126,
-0.02906927234176093,
-0.023954967393162472,
-0.019564429381056382,
-0.01588558903674053,
-0.012891246534613801,
-0.010541564909497841,
-0.008786595735811215,
-0.007568759953909997,
-0.006825222121105049,
-0.006490109208595266,
-0.006496535986755366,
-0.006778408760265935,
-0.007271988283685555,
-0.0079172013597486,
-0.008658698838228934,
-0.009446665201871367,
-0.01023739125665757,
-0.010993626290104764,
-0.011684729243110415,
-0.012286640014775438,
-0.012781692284662695,
-0.013158288674292928,
-0.013410458232274396,
-0.013537315606041548,
-0.013542441163233117,
-0.013433201789807649,
-0.01322003289330543,
-0.01291570285543734,
-0.012534581326632967,
-0.012091931956488635,
-0.011603248261606516,
-0.01108364848555656,
-0.010547341882167612,
-0.010007175337440258,
-0.009474266068453314,
-0.008957723559432937,
-0.008464461977361035,
-0.007999102984708763,
-0.0075639680500138445,
-0.007159159013600313,
-0.006782725765875208,
-0.006430920247207308,
-0.006098536021975244,
-0.005779331394247124,
-0.005466530101001548,
-0.005153385903919496,
-0.0048337856346084155,
-0.004502850668388681,
-0.0041574824020856275,
-0.003796787443516016,
-0.0034223175105040035,
-0.0030380708718864874,
-0.002650227246237996,
-0.0022666236194858634,
-0.0018960183947965249,
-0.0015472276159299912,
-0.0012282417109675504,
-0.0009454384220980468,
-0.0007029951224153426,
-0.0005025735782079103,
-0.00034330805489452346,
-0.00022208142421975655,
-0.00013403206223832102,
-7.320409538866245e-05,
-3.3239705471709694e-05,
-8.016207995855652e-06,
7.849500024812954e-06,
1.8675691954752394e-05,
2.758134735428246e-05,
3.65220926591862e-05,
4.645313164394193e-05,
5.7564951231192244e-05,
6.953912347923113e-05,
8.178259369948524e-05,
9.361487675448049e-05,
0.00010439876675402733,
0.00011361782527780873,
0.00012091129154360433,
0.00012607932230465255,
0.00012907010554490513,
0.00012995733483677462,
0.0001289134090280709,
0.00012618145357150593
],
"3back": [
-0.001117179924480177,
-0.0013363007619470598,
-0.0016085370757013,
-0.001946535340729447,
-0.002364949871917833,
-0.0028804919943164198,
-0.003512022245821876,
-0.004280746015295494,
-0.00521055485433592,
-0.006328507070029137,
-0.007665364598640575,
-0.009256013113031283,
-0.011139516503269144,
-0.013358530789192453,
-0.015957855238177464,
-0.01898203369520463,
-0.02247210428254612,
-0.026461771262716628,
-0.030973382065831348,
-0.036014111776006004,
-0.041572706184832525,
-0.04761705600646856,
-0.05409280395146355,
-0.06092313014878404,
-0.0680098038952489,
-0.07523551237847483,
-0.08246737661536423,
-0.08956145683530418,
-0.0963679587719529,
-0.10273680008610667,
-0.10852319136834095,
-0.11359292369390511,
-0.11782711914072784,
-0.12112627312712344,
-0.1234134819836826,
-0.12463679713962644,
-0.12477067802684129,
-0.12381653466571133,
-0.12180236578791978,
-0.11878151622499862,
-0.11483060188191724,
-0.11004668173353213,
-0.10454379048561518,
-0.09844897764105119,
-0.0918980234878766,
-0.08503101614883037,
-0.0779879746540545,
-0.07090469164425953,
-0.0639089481761827,
-0.057117225496406895,
-0.05063200788209324,
-0.04453973930526977,
-0.03890946628317311,
-0.033792170368061106,
-0.029220766281860416,
-0.025210715713175236,
-0.021761182812588604,
-0.018856636808511993,
-0.01646879200087053,
-0.014558768009098876,
-0.013079355413222669,
-0.011977284400977613,
-0.011195415341927325,
-0.010674796785979119,
-0.01035656287073398,
-0.010183662487770372,
-0.010102421790360508,
-0.010063937561674091,
-0.010025283583190495,
-0.009950491648852228,
-0.009811252190350008,
-0.0095872754523116,
-0.009266268294520036,
-0.008843513795777304,
-0.008321084518391067,
-0.007706764874173145,
-0.0070127920309233545,
-0.006254539763648898,
-0.005449262783231398,
-0.004614993655701651,
-0.003769648133762058,
-0.002930356659244171,
-0.0021130075583760195,
-0.001331965320740698,
-0.0005999160283266107,
7.221036006387825e-05,
0.000675287322504599,
0.0012020473304920486,
0.0016471734958404876,
0.0020074412311576677,
0.0022819063627908817,
0.002472115471598275,
0.0025822925164752115,
0.0026194372123064993,
0.002593260921329932,
0.00251589082392369,
0.0024012967841887966,
0.0022644375271243305,
0.0021201780322398067,
0.001982087674315516,
0.0018612745066028114,
0.0017654312920772502,
0.0016982540366811672,
0.0016593425615974695,
0.001644613427282387,
0.001647164946964969,
0.0016584528996900177,
0.0016695830370330224,
0.0016725145793294283,
0.0016609990628946884,
0.0016311418861259777,
0.001581552893056763,
0.0015131281270154796,
0.0014285613322114492,
0.0013317116915663005,
0.0012269528017008018,
0.0011186032147658751,
0.0010105013030791432,
0.0009057475651869467,
0.0008066043437067941,
0.0007145210358774692,
0.0006302431632660743,
0.0005539641538338777,
0.00048548591673882327,
0.00042436461293855846,
0.00037002849351283244,
0.0003218634160418555,
0.00027926782699760406,
0.0002416825754207679,
0.00020860233114034605,
0.00017957524278266963,
0.00015419641114845605,
0.0001320992925868431,
0.00011294766117715362,
9.642948067083366e-05,
8.22530781352107e-05
],