{
"metric": "gaze_deviation",
"unit": "px",
"conditions": [
"1back",
"2back",
"3back"
],
"means": [
1.1463811339379453,
1.2923131652757083,
1.355355025243481
],
"sds": [
0.7889252926869499,
0.9699906679020308,
1.078419012202185
],
"individual_subject_means": {
"1back": [
0.48064288222990903,
0.6644245312370435,
1.2459061668329947,
1.154610512728092,
0.4002096843016282,
0.9339919559411362,
0.6285166356426019,
2.0982667460562068,
0.20613648193447212,
0.654705848544836,
1.3791146639648726,
1.7992053365612284,
2.0036177509173285,
2.7847494181380212,
-0.31641120998247063,
1.3323878517285699,
1.3571447657323197,
-0.030356310242623613,
0.6936965680721662,
3.2016574058326936,
1.3209737402761412,
0.7461533136077617,
0.5334875337658045,
0.6637452603266626,
1.7989511265762543,
1.8253221272623965,
0.5459030299730923,
1.1490206852094413,
1.2717803745589993,
1.8168243564044435,
1.5454163278666246,
0.7256597779453435,
0.6567105760526223,
0.5514318664779061,
1.826790104106981,
1.3971207706416224,
-0.4294457308259671,
2.100760722818474,
0.8660970028916685,
1.8175913587996835,
2.2149458551717984,
0.7588603215214486,
1.4321792580109711,
1.5300930568455964,
1.0590791548064982,
0.5248965284885152,
1.023258769542587,
1.1213747468357393,
1.554493596226993,
1.9453467082145601,
1.961210719930629,
-0.09398512247328956,
0.6191712563484907,
0.4553290428981806,
0.27120290863070085,
1.4359501488114659,
1.120511566217129,
0.6122469432144002,
0.4184169935196945,
2.177694227192397,
0.7181644095201986,
2.0053500607155446,
1.1625392498429288,
0.4911525805529795,
0.6987085115979426,
1.127284204508913,
1.5108172953128816,
0.8285193901022219,
1.1503230303663898,
-0.22811005557521005,
0.5209470637598816,
1.6066090574782146,
0.34391635389998554,
0.21251445675366804,
1.7897028350221214,
1.7257460874059927,
0.7238371626638315,
0.7156467430521639,
1.2761489218333737,
2.0988583710203144,
0.09270446724498395,
1.1440506836568767,
0.6708585770317802,
0.9529088582324831,
1.5359864795958542,
0.9583280921321023,
-0.2956521894194578,
1.7397983029646718,
0.2897999077249551,
1.3115869511310991,
1.514878117047824,
0.9475827142596245,
3.1619649407464068,
2.3888454613089563,
1.7491365769119174,
1.854150580001228,
2.5267991520218795,
1.2735054138420003,
0.7405245802221224,
2.0560046792296425,
0.32236228503329173,
0.24453341780403226,
0.03882478850503122,
3.9806906716211845
],
"2back": [
1.3316567544825375,
0.23426933061331512,
1.0720064717816649,
0.07711872878554528,
1.1425044342973514,
0.937944407182106,
1.1944923286375246,
2.4786264140691077,
-0.15476205388065611,
0.4638496545482088,
0.6281512892864486,
0.09210880268844501,
2.1113497849443172,
2.9128305261256173,
0.8772526366105821,
1.4561043538876433,
1.1991319852520008,
0.6276869286936659,
0.41992556745397674,
1.7883838475099765,
0.971158781099123,
1.8798770329781942,
0.9529094450175762,
0.17184572535135398,
1.2329436228610575,
2.0226858482624475,
0.9963827798992176,
0.6222806966177334,
-0.7076830291861875,
0.8404480966925622,
2.210029136603591,
1.7320178848829992,
1.0203305428183758,
1.5334976101805875,
1.447567484665955,
1.5619715524442268,
0.3279089068052589,
2.972025204144302,
0.46631781472680495,
1.4019224382573974,
2.692020169589468,
0.9525746617149166,
0.354491721103458,
1.371808790632493,
1.2344324678966874,
1.1526948448498637,
0.9128565255086869,
0.9944986571285788,
0.4513866088870499,
0.7646558406496686,
1.55634110486515,
1.1144297383149568,
0.7718773939383106,
0.8403002007398754,
1.339273301037875,
1.163052172710498,
1.4815198460474928,
1.3734662850070132,
1.6869237639871921,
1.7500283052430077,
0.7827984144382957,
1.1233894396573305,
1.427544940954324,
0.8809843624238761,
0.03384050308343242,
0.9108213486260195,
1.5761977031673353,
0.18166802992481132,
1.1459211408383334,
1.0293250366154572,
1.374194343842453,
2.6052543440690408,
0.9533698591729626,
0.9412959233867293,
2.7006861436498033,
1.113537219605025,
1.2630373420357541,
-0.05303766875706538,
0.5108177087835926,
1.8019448370129492,
2.0778582001221366,
1.9148114305959705,
0.41096580721518045,
1.1286224576976724,
2.0078833339491275,
2.533171026702774,
-0.08307718650735531,
1.1333113313101384,
0.4073011920014492,
4.844413790455524,
1.9228370038375335,
0.9756853630409595,
4.191411609158797,
0.6412725673970019,
2.7695683276644725,
2.569642061148496,
2.660570989977172,
2.2601683665182173,
0.8299093551247527,
2.7252416443288996,
0.5305303562964712,
0.9045730973494813,
-0.7333796478807926,
4.967983570694924
],
"3back": [
0.7122463279858579,
1.0815914740687922,
1.307225842409852,
1.5128412546985077,
1.34624011851021,
0.32222587647052797,
1.8895693942340035,
1.684573759533921,
0.6014300779001239,
0.13017898065776662,
1.1382010972204928,
1.8668896812109315,
1.6162169751121986,
3.6202240891561104,
0.3896786459199675,
0.5509373296491717,
1.5904813976157257,
2.2774622875608896,
1.4621571264400774,
2.3515738820684935,
1.7480627281629308,
1.0289313744023902,
0.5357242294649283,
1.2603838972234147,
0.7249004489276558,
0.3618155559524894,
1.0741602108301072,
0.9274090953641921,
-0.13891411774481335,
0.7325131186312929,
1.5838040388499697,
1.0782086013199053,
0.7326477094577919,
1.6118826802526967,
1.4197065972032086,
1.1863186718015881,
0.8434499720890966,
1.1439860393608494,
0.5919729981458548,
0.3533962070941925,
2.480151530355215,
0.2604565514417515,
0.9651991072082028,
2.0890009251540933,
1.4628529754361208,
0.7587626564267435,
1.3612813091247666,
0.34509161357604656,
3.301358528517127,
0.9002292912681492,
3.9551655229713236,
0.17323600322238564,
0.3388626781401827,
0.26347070923692223,
0.6775135660115139,
1.1368135986663401,
0.9617169780308852,
2.041812215579881,
1.7466615394223481,
3.0510923609137537,
2.1379817331611526,
0.9434655646234751,
1.6535855691181496,
0.9608673617770576,
0.9094243870913675,
1.0277627709478434,
0.4111113152561747,
-0.6119006973471535,
1.5152323416520639,
0.6040759211596609,
2.10389672504852,
3.693829731312063,
1.3318671156109,
0.3845140718061615,
2.99803468649802,
1.778417544854603,
1.4499225366138377,
-0.15896803346671126,
1.8404161917729949,
2.4613403958526066,
0.8139387723438594,
0.6557601321733704,
0.5777685629824797,
0.6185976968316192,
0.08786806861019653,
2.1403005005618962,
-0.3100350627311222,
1.5129982311120058,
0.2531116873336335,
5.440683718279495,
1.2921236575724413,
0.34463638195890295,
4.58445403680671,
2.27324184179306,
1.6422171206011071,
2.5836056004813375,
1.5044130352000857,
2.791214543057012,
1.3819852217233606,
3.2545678991485727,
0.15118437562439893,
0.3112215686808614,
0.6751893773755949,
4.41796308854124
]
}
}