{
"conditions": [
"1back",
"2back",
"3back"
],
"accuracy_mean": [
0.9827399514899515,
0.9750395152792414,
0.9089209401709402
],
"accuracy_sd": [
0.03500145957569063,
0.03734553945505807,
0.06633886319824993
],
"reaction_time_mean": [
0.6644760917310248,
0.7504564157657445,
0.8784317290321655
],
"reaction_time_sd": [
0.12080840770267066,
0.15387357343394353,
0.1954682130185858
],
"individual_subject_means": {
"accuracy": {
"1back": [
1.0,
0.9797297297297297,
1.0,
1.0,
0.9797297297297297,
0.9864864864864865,
0.9527027027027027,
0.9932432432432432,
0.9932432432432432,
0.9324324324324325,
0.8716216216216216,
0.9459459459459459,
0.9932432432432432,
0.972972972972973,
0.9864864864864865,
0.9932432432432432,
1.0,
1.0,
1.0,
1.0,
1.0,
0.9932432432432432,
1.0,
1.0,
1.0,
1.0,
0.9864864864864865,
1.0,
1.0,
1.0,
0.9864864864864865,
1.0,
0.9864864864864865,
0.9932432432432432,
0.9932432432432432,
0.8716216216216216,
0.8581081081081081,
0.9932432432432432,
1.0,
1.0,
1.0,
0.9797297297297297,
1.0,
1.0,
0.9864864864864865,
1.0,
1.0,
0.9932432432432432,
0.9932432432432432,
1.0,
1.0,
1.0,
1.0,
1.0,
1.0,
1.0,
0.9054054054054054,
1.0,
0.9932432432432432,
0.954954954954955,
1.0,
0.9932432432432432,
1.0,
1.0,
0.9121621621621622,
0.9797297297297297,
0.9932432432432432,
0.972972972972973,
0.9932432432432432,
0.972972972972973,
0.9932432432432432,
1.0,
1.0,
1.0,
1.0,
0.9932432432432432,
0.9932432432432432,
1.0,
0.8445945945945946,
1.0,
1.0,
1.0,
1.0,
1.0,
0.9932432432432432,
1.0,
0.9932432432432432,
1.0,
0.9864864864864865,
1.0,
1.0,
1.0,
0.9662162162162162,
0.9932432432432432,
0.972972972972973,
0.9932432432432432,
0.9932432432432432,
0.9932432432432432,
0.9121621621621622,
0.8783783783783784,
0.9932432432432432,
0.9932432432432432,
0.8513513513513513,
1.0
],
"2back": [
0.9931506849315068,
0.9726027397260274,
1.0,
0.9931506849315068,
0.9452054794520548,
0.9794520547945206,
0.9657534246575342,
1.0,
0.9931506849315068,
0.8287671232876712,
0.9794520547945206,
0.773972602739726,
0.9863013698630136,
0.863013698630137,
0.9931506849315068,
0.952054794520548,
0.9931506849315068,
0.9863013698630136,
0.9726027397260274,
0.9931506849315068,
1.0,
0.9794520547945206,
1.0,
0.9452054794520548,
1.0,
0.9794520547945206,
1.0,
0.9931506849315068,
1.0,
0.9863013698630136,
0.9863013698630136,
1.0,
0.9794520547945206,
0.9794520547945206,
1.0,
0.863013698630137,
0.9726027397260274,
0.9931506849315068,
0.9863013698630136,
0.9863013698630136,
1.0,
0.9931506849315068,
0.9657534246575342,
0.9863013698630136,
0.9657534246575342,
1.0,
0.9863013698630136,
0.9931506849315068,
0.9863013698630136,
0.9657534246575342,
0.9726027397260274,
1.0,
0.9931506849315068,
0.9863013698630136,
0.9931506849315068,
1.0,
0.9863013698630136,
1.0,
1.0,
0.9178082191780822,
1.0,
0.9931506849315068,
0.9726027397260274,
0.9452054794520548,
0.9041095890410958,
0.9726027397260274,
0.952054794520548,
0.9931506849315068,
0.9794520547945206,
0.9726027397260274,
1.0,
0.9863013698630136,
1.0,
1.0,
1.0,
0.9726027397260274,
0.9794520547945206,
1.0,
0.9794520547945206,
0.9863013698630136,
0.9863013698630136,
1.0,
0.9863013698630136,
0.9863013698630136,
0.958904109589041,
0.9863013698630136,
0.9383561643835616,
0.958904109589041,
0.9931506849315068,
0.952054794520548,
0.9726027397260274,
0.952054794520548,
0.9657534246575342,
0.9931506849315068,
0.958904109589041,
0.9794520547945206,
1.0,
0.9931506849315068,
0.9931506849315068,
0.9452054794520548,
1.0,
0.9863013698630136,
0.8424657534246576,
1.0
],
"3back": [
0.8819444444444444,
0.8888888888888888,
0.9722222222222222,
0.9930555555555556,
0.8125,
0.8472222222222222,
0.7916666666666666,
0.9444444444444444,
0.9444444444444444,
0.6944444444444444,
0.8055555555555556,
0.7430555555555556,
0.9166666666666666,
0.875,
0.9652777777777778,
0.8888888888888888,
0.9236111111111112,
0.9444444444444444,
0.9861111111111112,
0.8402777777777778,
1.0,
0.8541666666666666,
0.9652777777777778,
0.7777777777777778,
0.8958333333333334,
0.9861111111111112,
0.8819444444444444,
0.9513888888888888,
0.9444444444444444,
0.9861111111111112,
0.8680555555555556,
0.8819444444444444,
0.9791666666666666,
0.8611111111111112,
0.9652777777777778,
0.8263888888888888,
0.8611111111111112,
0.8402777777777778,
0.9236111111111112,
0.8958333333333334,
0.9305555555555556,
0.9722222222222222,
0.9583333333333334,
0.875,
0.8611111111111112,
0.9930555555555556,
0.8888888888888888,
0.9722222222222222,
0.9236111111111112,
0.8125,
0.8611111111111112,
0.9722222222222222,
0.8263888888888888,
0.9166666666666666,
0.9930555555555556,
0.9791666666666666,
0.8333333333333334,
0.9861111111111112,
0.8888888888888888,
0.8194444444444444,
0.9583333333333334,
1.0,
0.9722222222222222,
0.8541666666666666,
0.8888888888888888,
0.8888888888888888,
0.8680555555555556,
0.9027777777777778,
0.9236111111111112,
0.9166666666666666,
0.9166666666666666,
0.9791666666666666,
0.9375,
0.9444444444444444,
0.9722222222222222,
0.7777777777777778,
0.9861111111111112,
0.9930555555555556,
0.9930555555555556,
0.9652777777777778,
0.8541666666666666,
0.9583333333333334,
0.9166666666666666,
0.9930555555555556,
0.9583333333333334,
0.9513888888888888,
0.8888888888888888,
0.9097222222222222,
0.9652777777777778,
0.8333333333333334,
0.9583333333333334,
0.8611111111111112,
0.875,
0.8819444444444444,
0.9861111111111112,
0.9791666666666666,
0.9861111111111112,
0.8263888888888888,
0.8611111111111112,
0.875,
0.8333333333333334,
0.9236111111111112,
0.7638888888888888,
0.9791666666666666
]
},
"reaction_time": {
"1back": [
0.6987677695704442,
0.8891264124119536,
0.7109994932457253,
0.6567504497674795,
0.6042141246795655,
0.9425068845351537,
0.7623227184469049,
0.5991825369688181,
0.6934112402109,
0.7505561221729625,
0.7777350153241839,
0.535928667916192,
0.5398576354980469,
0.7881995995839437,
0.6091981117541974,
0.6045722026450961,
0.6549252775999216,
0.6887512341985162,
0.5789177192831939,
0.8224387948329632,
0.5209290706194364,
0.5945106902212467,
0.6167201583202069,
0.5884790924879221,
0.5762618262812776,
0.6569433212280273,
0.5949472904205322,
0.6208900610605875,
0.600121388068566,
0.7604567059930766,
0.5429149890432552,
0.40770341765205814,
0.6330550575256347,
0.3362567623456319,
0.8502214462199109,
0.726585865020752,
0.8549004236857096,
0.5902282347281774,
0.5410948304029611,
0.5878979770504699,
0.8002254871221689,
0.4336172771453857,
0.47959171808682954,
0.713671340392186,
0.6911472463607788,
0.4684426916970147,
0.6289829336679899,
0.80638650972016,
0.7151585653716442,
0.6706251811981201,
0.6584882323558514,
0.6767704486846924,
0.46770597497622174,
0.6626440992160719,
0.5673601484298706,
0.5449852989270136,
0.8741875092188517,
0.532109710905287,
0.4972633272409439,
0.6161165857968265,
0.6587323315289556,
0.8521827030181884,
0.5287061345343497,
0.6073667086087741,
0.8020816235928923,
0.8277614941963782,
0.9040975284576416,
0.7327501621652157,
0.7944787832406851,
0.7807199954986572,
0.7062472782882989,
0.5711719668828524,
0.6833645009994507,
0.8012974729724959,
0.5548109278386953,
0.5533187198638916,
0.5836420976198636,
0.6224938460758754,
0.738857246580578,
0.5803535318374634,
0.8774770452426031,
0.7544237327575684,
0.6155785734836872,
0.519872445326585,
0.5615249804730685,
0.8700549464959365,
0.8377636273701986,
0.6941365462083083,
0.6149798234303793,
0.5750812816619874,
0.676680292401995,
0.7153546942604913,
0.6654048246495864,
0.5707856069008509,
0.9533485412597656,
0.6614370942115784,
0.7743784739420965,
0.5452081593600187,
0.7254475295543671,
0.7715660163334438,
0.65946449065695,
0.6589844518778275,
0.706324476184267,
0.6008399266463059
],