{
"metric": "bcea",
"unit": "px",
"conditions": [
"1back",
"2back",
"3back"
],
"means": [
11.940801346008852,
12.228152877910368,
12.81756166221453
],
"sds": [
2.2625017847776236,
2.6198354662315233,
2.8370061088018153
],
"individual_subject_means": {
"1back": [
10.105346135312718,
10.13113050123249,
12.09424944482005,
14.451460990038667,
13.231217226065407,
12.275042277879592,
8.3464141852032,
11.148117227328573,
8.238426628133034,
10.354267059088079,
8.824291623685324,
10.946920352413512,
13.712806207823258,
15.132935067913335,
10.77239386857851,
12.166045911384712,
11.392777704929959,
10.905260098431652,
12.02964092659977,
17.44939860500687,
9.407030305884314,
8.898836179411665,
9.806088392626844,
12.785387422110684,
11.73510409717938,
15.094484817788608,
12.066939092575087,
10.485562056364698,
11.602797814420555,
13.753456399917983,
10.23801502672651,
13.240902222215754,
8.130945180274866,
14.49577907037437,
14.573409658564714,
12.038006053627061,
13.81269624499905,
18.025079612541553,
9.083387018909171,
11.783572793054343,
15.27696456206407,
7.453852205103872,
10.93639438123794,
13.293056361981805,
10.195710795984937,
11.516667370114662,
13.079440320526732,
10.17050254688117,
12.458327360369827,
8.832772348170648,
12.048283247190634,
12.578100137590644,
7.734041528832243,
10.746142433367593,
11.042153592200833,
13.318553980518557,
11.259970208615261,
11.945903547447507,
14.738505758938336,
13.32640593362026,
14.089718178152486,
14.200462377198733,
12.84485339177842,
9.262413884523372,
9.205456445459788,
9.252435097742989,
12.663638590000614,
11.23933451899451,
20.196255463432614,
12.741068025445532,
10.730523971137806,
11.88549243962553,
9.67471977825839,
13.191266792911565,
13.47309575447301,
13.232085961259322,
12.757577059306973,
8.76328950928767,
13.279107503018665,
13.070024220426635,
13.545617441480887,
13.616796561159031,
12.46480134384797,
11.272024220458242,
14.42994870608575,
11.762290447849539,
10.994020465621954,
12.5632360344845,
8.084143534886868,
13.291827035278038,
11.690327876348343,
8.695133085921837,
16.00041242910781,
12.499680657651675,
14.113501480277106,
14.255111677262178,
14.313801361432722,
10.01092166140487,
10.940529544892582,
10.386673605637156,
8.565060871786523,
10.674452308333938,
10.853131427987714,
14.349707121095461
],
"2back": [
10.765155597035973,
10.077002286023093,
11.815912161589614,
12.973232835764252,
13.924049491194689,
10.340239182974143,
9.152714456111486,
11.260311154668429,
7.259339179187381,
11.355689364035918,
8.533437161784654,
13.101168713439863,
11.125159445867922,
18.356371461323604,
10.132520726200974,
11.07783549991743,
11.207498831049966,
12.234879632388155,
10.729156831162152,
16.507693667461194,
11.167623947297058,
9.742753786570212,
9.997823649839866,
8.925996538998735,
11.52532768099303,
15.37165976369123,
12.290843695031096,
10.588338247348807,
11.955116185255335,
7.56469390334911,
9.11662430798266,
13.482711381333116,
9.915781102231675,
16.897201407577693,
13.170443176438107,
13.008696192841068,
11.709391700189048,
19.222056317577806,
9.208128367056682,
10.687690914180832,
15.699629841469545,
9.994936462471763,
9.937530573898435,
12.80255519390499,
11.422226372645913,
13.770878935206225,
13.55343449052881,
11.111566435632257,
14.435525581406976,
9.863827333490018,
12.870733250058404,
12.974198593521704,
10.353654375750216,
12.489714449611489,
11.165074940119025,
11.127313140492538,
10.152889459155109,
14.252892723372575,
14.292836431188894,
11.879948625166485,
14.794548557561107,
11.008124043021297,
14.077746056267724,
11.821096861304516,
8.873367266973146,
10.587652250925844,
11.559413443695695,
10.677513559749775,
17.636436079036336,
12.324843173141169,
11.215749481222433,
13.301955844407056,
9.396206404239784,
11.922673597387229,
13.558664831027547,
12.156310767353943,
14.230512816401937,
7.875281922692467,
12.334023454204589,
13.90204731011511,
16.175621882390963,
12.460899755235907,
11.686819790341003,
10.117461388071122,
17.199957048815993,
12.770799833714344,
11.818229451887094,
12.556970555158136,
7.449748702952273,
20.613429765250167,
12.689925353892022,
7.345674649457664,
19.78772117378567,
13.882951986644176,
14.640453766776362,
14.076784233681593,
14.130608230695751,
11.175344878695208,
13.178502371631195,
14.293795123401623,
9.322939785728186,
12.265856245746463,
10.736375801977035,
16.467222651964146
],
"3back": [
10.612415021661494,
11.01710859951256,
11.297641601733245,
13.800194790393238,
14.86367817920093,
10.18930393073408,
11.326972569085324,
13.624048026079107,
7.858938309499506,
10.968192966174254,
8.634607056907345,
11.200370186894475,
11.30117727473766,
21.750745560503848,
11.728518642867954,
13.099658586429006,
14.198033285258454,
13.87408600296445,
13.309649883460734,
18.010962915104884,
11.150123031755081,
10.255810500353935,
10.319687630735144,
13.39581425005627,
12.279868880700851,
13.324103359537808,
13.152515254454936,
10.466680445128397,
11.834948341375487,
9.193443835079824,
8.883562952101894,
12.681233213274686,
9.41122009262228,
17.251386785773835,
13.946262418146835,
14.865431899913034,
13.822502829673885,
15.187242001646313,
9.612038538181153,
10.741597468756302,
15.627522375145276,
9.331399498807919,
10.30259343241305,
14.293869613789289,
13.430954760281038,
14.533347942173783,
11.698588344905426,
10.888475014058304,
15.337548918947192,
10.092201298273357,
17.97410527509026,
13.846964061039811,
9.724630871053416,
13.189132852466289,
12.872951243307927,
11.286086427096297,
9.569920814905615,
11.776263724312225,
15.334894891814796,
14.174263423187044,
15.544164621404073,
12.609049802760921,
13.931411390828691,
11.057029022983254,
9.970422787906987,
10.295081699745324,
11.12867205953254,
13.418917999128574,
21.366074236237534,
13.468668289902109,
13.618987781298307,
15.605968469855075,
9.483732793269066,
12.884471530576278,
15.601941081527082,
14.209512495188042,
14.837816868205165,
7.871457760853928,
12.814860320510212,
14.318613371405482,
14.032781568516844,
11.133741677424345,
11.566005117385446,
11.341245831910529,
11.100167290594507,
12.447176322779304,
10.333248749222944,
13.509461736761262,
8.744269091532226,
21.792850242090246,
11.37874969411178,
7.204440906570237,
20.541759983317935,
16.40801962895299,
13.268145049496527,
15.833831744851016,
14.636618188623766,
14.71756543122849,
14.204006583920235,
14.99416530868141,
10.629748004417467,
12.07511061532409,
10.821767752777802,
16.547190065162173
]
}
}