{
"freqs": [
3.0,
3.2,
3.4,
3.6,
3.8,
4.0,
4.2,
4.4,
4.6,
4.8,
5.0,
5.2,
5.4,
5.6,
5.8,
6.0,
6.2,
6.4,
6.6,
6.8,
7.0,
7.2,
7.4,
7.6,
7.8,
8.0,
8.2,
8.4,
8.6,
8.8,
9.0,
9.2,
9.4,
9.6,
9.8,
10.0,
10.2,
10.4,
10.6,
10.8,
11.0,
11.2,
11.4,
11.6,
11.8,
12.0,
12.2,
12.4,
12.6,
12.8,
13.0,
13.2,
13.4,
13.6,
13.8,
14.0,
14.2,
14.4,
14.6,
14.8,
15.0,
15.2,
15.4,
15.6,
15.8,
16.0,
16.2,
16.4,
16.6,
16.8,
17.0,
17.2,
17.4,
17.6,
17.8,
18.0,
18.2,
18.4,
18.6,
18.8,
19.0,
19.2,
19.4,
19.6,
19.8,
20.0,
20.2,
20.4,
20.6,
20.8,
21.0,
21.2,
21.4,
21.6,
21.8,
22.0,
22.2,
22.4,
22.6,
22.8,
23.0,
23.2,
23.4,
23.6,
23.8,
24.0,
24.2,
24.4,
24.6,
24.8,
25.0,
25.2,
25.4,
25.6,
25.8,
26.0,
26.2,
26.4,
26.6,
26.8,
27.0,
27.2,
27.4,
27.6,
27.8,
28.0,
28.2,
28.4,
28.6,
28.8,
29.0,
29.2,
29.4,
29.6,
29.8,
30.0
],
"conditions": {
"1back": [
0.006005803419015251,
0.007026221870323772,
0.008233118772232102,
0.009660633867218434,
0.011348230692188477,
0.013341082784883255,
0.015690330816313762,
0.018453157935847363,
0.021692628573092846,
0.025477237636896202,
0.029880122859432163,
0.034977902889524806,
0.04084911715466055,
0.04757225967485755,
0.055223416981736974,
0.06387353923930122,
0.07358539306998196,
0.08441026436782662,
0.09638449973100621,
0.1095259962056043,
0.12383077039035227,
0.13926975825064725,
0.15578601385838103,
0.17329248570409025,
0.1916705503036427,
0.21076947250229214,
0.2304069394929331,
0.2503707818073079,
0.2704219510164988,
0.2902987724802382,
0.3097224339190931,
0.32840360830149495,
0.34605004408117807,
0.3623748893961473,
0.3771054528398397,
0.389992046634911,
0.40081651445654826,
0.4094000222556554,
0.4156096922334909,
0.41936369201694873,
0.42063445480924866,
0.41944980014086164,
0.4158918433706746,
0.410093716342728,
0.4022342599779041,
0.3925309791216224,
0.38123165803906767,
0.36860511094884857,
0.354931578868775,
0.34049327934674367,
0.3255655717989593,
0.31040912504040297,
0.2952633752712196,
0.2803414539404531,
0.26582665695161506,
0.2518704291749371,
0.2385917578909072,
0.22607780908982406,
0.21438560203892731,
0.2035444985349743,
0.19355928078778414,
0.1844136023970657,
0.17607361688711667,
0.1684916145750822,
0.16160952841604173,
0.15536220055955702,
0.14968033173312045,
0.14449306370500625,
0.1397301698643721,
0.13532384972524364,
0.13121013967561274,
0.127329964681252,
0.1236298643098407,
0.12006243190746299,
0.11658650861807901,
0.11316717472270352,
0.10977557992778847,
0.10638865207835281,
0.10298872053686112,
0.09956308630943463,
0.09610356604073425,
0.09260603137028942,
0.08906995902382048,
0.08549800065648341,
0.0818955752213594,
0.07827048096153913,
0.07463251956596541,
0.07099312218571806,
0.06736496644549785,
0.06376157572017621,
0.06019689689413311,
0.056684860249266854,
0.05323893415126412,
0.04987169637873779,
0.04659445139779453,
0.04341692662968834,
0.04034707909955892,
0.037391035887105836,
0.034553177825429576,
0.03183635761477068,
0.029242223911618348,
0.026771605781968924,
0.02442490092594179,
0.022202409128597663,
0.020104560601434687,
0.018132006248356085,
0.016285560371818875,
0.014566011461831884,
0.012973838607808829,
0.011508885593650157,
0.010170049405487503,
0.008955034400539567,
0.007860209570912984,
0.006880587543572596,
0.006009924182182689,
0.0052409205764033925,
0.004565497424030626,
0.003975106472777643,
0.003461044492055439,
0.0030147408046131904,
0.0026279977811693505,
0.0022931729229842693,
0.0020032996382225343,
0.001752150543674613,
0.0015342516643109733,
0.0013448582946337362,
0.0011799038578479075,
0.0010359323180302734,
0.0009100230563487169,
0.0007997150607578871,
0.0007029351664600616,
0.0006179331914758917,
0.0005432253011423885,
0.00047754586546203993,
0.000419807413052681,
0.0003690679448741937
],
"3back": [
0.00451535846682137,
0.005327494795503955,
0.006296071782204251,
0.007451410387935643,
0.008828785779005095,
0.010468581818772672,
0.012416144257461856,
0.014721285988110335,
0.017437456488694613,
0.020620654805144998,
0.024328220470477557,
0.02861765827530295,
0.03354562544167695,
0.03916713022708162,
0.045534873708794686,
0.052698546345327876,
0.060703817111130993,
0.06959076971889921,
0.07939166014603992,
0.09012805707311661,
0.101807609944055,
0.11442079595664323,
0.12793799388815172,
0.1423071393879503,
0.15745208955669868,
0.1732717222213102,
0.18963974907301512,
0.20640523020275262,
0.22339381647508239,
0.24040978605838947,
0.2572389601190753,
0.2736525704337205,
0.28941210957853486,
0.3042751297554732,
0.3180018782424187,
0.33036257407989367,
0.3411450489641123,
0.3501624023944565,
0.35726026490478574,
0.3623232326253286,
0.3652800400112883,
0.3661070813286619,
0.36482997675338835,
0.36152300112238706,
0.35630634189578775,
0.34934131244152855,
0.34082379956906156,
0.33097635287798993,
0.32003941357863586,
0.30826222286177585,
0.29589394200845587,
0.28317546220091955,
0.27033229099405603,
0.2575687879564347,
0.24506389883269783,
0.23296841953978806,
0.22140371940226095,
0.21046177432169977,
0.20020630791130284,
0.19067481115470375,
0.18188120534666885,
0.17381892398956494,
0.16646421170214032,
0.15977946732237586,
0.15371649049807778,
0.14821952346093156,
0.14322801058577733,
0.13867902661443,
0.1345093493420662,
0.1306571736202936,
0.1270634803715408,
0.12367308674109424,
0.12043541155773292,
0.11730499422521162,
0.11424180560917088,
0.11121138725035824,
0.1081848513017528,
0.10513876892664911,
0.10205497032155962,
0.09892027558021568,
0.09572617250410081,
0.09246845510322763,
0.08914683462718835,
0.08576453315669977,
0.08232786776064413,
0.07884583082431035,
0.07532966942283272,
0.07179246379765604,
0.06824870251967076,
0.06471385034224568,
0.0612039046598054,
0.05773493843049167,
0.054322631727437135,
0.05098180071032194,
0.0477259411751776,
0.044566812715842334,
0.04151409705456026,
0.03857516798770981,
0.03575500836445007,
0.03305629990829592,
0.030479694145918338,
0.02802424872916966,
0.025687986586753035,
0.02346851086214235,
0.02136359239584472,
0.01937164368402568,
0.017492006468850754,
0.015725008474001437,
0.014071783509016882,
0.012533890447485534,
0.011112801536043649,
0.009809351457006484,
0.008623241236256627,
0.007552675636758018,
0.006594183579404297,
0.00574263572226596,
0.004991439652060822,
0.0043328678132765475,
0.0037584600385609543,
0.003259441727342028,
0.0028271079354646755,
0.0024531388682395463,
0.0021298292254575617,
0.0018502290409957043,
0.0016082049671568863,
0.0013984376662153303,
0.0012163734814859307,
0.0010581478906424699,
0.0009204956035542127,
0.000800658637765902,
0.0006963000891768843,
0.0006054281100897898,
0.000526332051556312,
0.0004575308804829429,
0.00039773279238083123,
0.0003458042991303393
],