{
"freqs": [
3.0,
3.2,
3.4,
3.6,
3.8,
4.0,
4.2,
4.4,
4.6,
4.8,
5.0,
5.2,
5.4,
5.6,
5.8,
6.0,
6.2,
6.4,
6.6,
6.8,
7.0,
7.2,
7.4,
7.6,
7.8,
8.0,
8.2,
8.4,
8.6,
8.8,
9.0,
9.2,
9.4,
9.6,
9.8,
10.0,
10.2,
10.4,
10.6,
10.8,
11.0,
11.2,
11.4,
11.6,
11.8,
12.0,
12.2,
12.4,
12.6,
12.8,
13.0,
13.2,
13.4,
13.6,
13.8,
14.0,
14.2,
14.4,
14.6,
14.8,
15.0,
15.2,
15.4,
15.6,
15.8,
16.0,
16.2,
16.4,
16.6,
16.8,
17.0,
17.2,
17.4,
17.6,
17.8,
18.0,
18.2,
18.4,
18.6,
18.8,
19.0,
19.2,
19.4,
19.6,
19.8,
20.0,
20.2,
20.4,
20.6,
20.8,
21.0,
21.2,
21.4,
21.6,
21.8,
22.0,
22.2,
22.4,
22.6,
22.8,
23.0,
23.2,
23.4,
23.6,
23.8,
24.0,
24.2,
24.4,
24.6,
24.8,
25.0,
25.2,
25.4,
25.6,
25.8,
26.0,
26.2,
26.4,
26.6,
26.8,
27.0,
27.2,
27.4,
27.6,
27.8,
28.0,
28.2,
28.4,
28.6,
28.8,
29.0,
29.2,
29.4,
29.6,
29.8,
30.0
],
"conditions": {
"2items": [
0.33121956872410496,
0.3118195989058084,
0.29252182676316574,
0.2770809150107171,
0.2661990245433953,
0.2564535011756562,
0.24502918679253669,
0.23299373033498347,
0.22324100271130873,
0.21665880930123532,
0.21159930843971872,
0.20663572059458188,
0.20245888259333472,
0.20059342949101122,
0.20107703869517365,
0.20227724778338574,
0.2028504709731647,
0.203132262801159,
0.2043591391247763,
0.20708540353353344,
0.21095116491041463,
0.21590998384582225,
0.22315821461736712,
0.2346270393122527,
0.2517740792811044,
0.27496103970335634,
0.3035885107080629,
0.33633181293809417,
0.3714129832487684,
0.4075612544523912,
0.4455548189964382,
0.48873422345240936,
0.5409673493706719,
0.6028869104839844,
0.6694547352247748,
0.7312866914978374,
0.7789793784132569,
0.8071086091774468,
0.8151592582254208,
0.8055474981983964,
0.781072603632405,
0.7437827676608749,
0.6953717499970496,
0.6379951406227083,
0.5746325197599264,
0.5089283453185959,
0.44477087240763385,
0.3857156370623676,
0.3343212036233627,
0.2916753201257198,
0.25742855335975473,
0.23031329089328784,
0.20877923891562902,
0.19142461195644261,
0.17720536247020263,
0.16552645547905137,
0.15618043499879056,
0.14905307391082495,
0.14375509918006807,
0.13954143455827264,
0.1356600506276399,
0.13179834610267657,
0.12814719527226023,
0.125012864925436,
0.12240466266689524,
0.1200146355350262,
0.11752296622458785,
0.11482176568562649,
0.1119417743462649,
0.10888277501435398,
0.10562969569926449,
0.10231505784706989,
0.09924033404367005,
0.09664368681957708,
0.0944580806654692,
0.09235472747147543,
0.09003783938062582,
0.08747115213901488,
0.08482448676274057,
0.08226351427488544,
0.07983943483000265,
0.0775441499119623,
0.07538018642818052,
0.07333330530074188,
0.07132521435672978,
0.06926559476642263,
0.06716086840468631,
0.06512286750299015,
0.06323726289679314,
0.06144695364481677,
0.059604541177337995,
0.05763939182555032,
0.05564086917008367,
0.053766203129790587,
0.052093025075688706,
0.0505807376834854,
0.049146714572518964,
0.04773104918379098,
0.046282710076811735,
0.04473777886725642,
0.043066781516217276,
0.04133994686481339,
0.03969763298991391,
0.038226390176488115,
0.03688041868544565,
0.03555135583840176,
0.03420835122002021,
0.03293940913794033,
0.03184708610541475,
0.030930982413381512,
0.03009717020595156,
0.029269326780442605,
0.028457339390981537,
0.02771161707160041,
0.0270435540492257,
0.026420695852500377,
0.02582730048702116,
0.025290675572411984,
0.024831757298655548,
0.024413329074972536,
0.023966046316546277,
0.023464099983354574,
0.022952756245713322,
0.022494695044295448,
0.02210840677587169,
0.021773838884577866,
0.02148186323606775,
0.02124708844300625,
0.02106546498508681,
0.020885596163848934,
0.020647667874760443,
0.020346349770781202,
0.020033297833741866,
0.01975232511055059,
0.01949095679278531,
0.019209964242941698
],
"4items": [
0.33237319448964714,
0.3116165653156838,
0.2918398199389563,
0.27638130993306476,
0.2658656255928524,
0.25714104912596925,
0.24732725730447006,
0.23685985998165915,
0.22801061281399954,
0.22166550476462557,
0.21666509891180688,
0.21189373899301803,
0.2078109510512802,
0.20551699583087324,
0.2050506214252422,
0.2053913453102901,
0.20599126081440036,
0.20754986827884853,
0.2109360955949455,
0.21577586741849566,
0.22068764667749957,
0.22498988607535073,
0.22985197115794534,
0.23758706446994743,
0.2499447190674663,
0.26714001410916965,
0.2882178407938745,
0.31198604529329044,
0.3377713960945537,
0.3660708080881132,
0.3992102468145497,
0.44125509472130264,
0.4961665121800892,
0.5645391982882162,
0.6410405776352717,
0.7148453169291967,
0.7733985359484432,
0.8074117204349288,
0.8141706346210523,
0.797494854459013,
0.7648100294077108,
0.7232720678049366,
0.67706490944831,
0.6270694374766604,
0.5726390311648404,
0.5139797531013757,
0.4534041982999647,
0.3947410605280384,
0.34166175596275977,
0.2963619162748331,
0.2593884139411863,
0.23023375337986826,
0.2078603548440345,
0.19085322867082782,
0.17756305677620532,
0.16654288134369644,
0.1570060539863652,
0.14881979687076047,
0.14203060505472542,
0.13645639702109266,
0.13175391096276418,
0.12774576265517526,
0.1244898870143225,
0.12197029788238177,
0.11983167434628726,
0.11754574470936706,
0.11484089838882945,
0.11188573419257439,
0.10902623848807326,
0.10641609504576627,
0.10396061259618761,
0.10155636256260515,
0.09925284834216315,
0.09713054073486581,
0.0951059736667348,
0.09296459674190317,
0.09059027403653266,
0.08808314710349255,
0.08561145567201202,
0.08320428584316014,
0.08076527304213005,
0.07828062971212252,
0.07592902395583666,
0.07392941965337625,
0.07230662992107467,
0.07085857922916862,
0.06935130336560322,
0.0676972621419413,
0.06592961234954356,
0.06406327237368649,
0.06205484730233243,
0.05990148838292963,
0.057714055825114394,
0.05564130112589884,
0.05373460668781678,
0.05192612082705247,
0.05013960878224947,
0.04838151589450772,
0.046700412339569335,
0.045088609158461475,
0.043472799714145055,
0.04181009852774965,
0.04015909666139329,
0.0386304408127648,
0.037281311647848044,
0.036083754548071965,
0.034989290975195285,
0.03398801605173897,
0.03308486880950755,
0.032241630047407294,
0.031380631364432816,
0.030455630679195107,
0.029499591421112973,
0.02858942720963264,
0.02777552623904577,
0.02705945042770093,
0.026427094638329547,
0.025872519367884095,
0.025378428922895244,
0.02489753731177672,
0.024383537157491166,
0.02384269790295584,
0.023333500634307135,
0.022903255212537277,
0.022536822755860657,
0.022181592848522422,
0.021814361503036988,
0.021461849496588005,
0.021151020776113645,
0.020860859644390748,
0.020544134732620255,
0.020190781364672027,
0.01984612978813573,
0.01955650045080253,
0.01931127636383912,
0.019055082729088842
],