{
"metric": "gaze_deviation",
"unit": "px",
"conditions": [
"2items",
"4items",
"6items"
],
"means": [
185.31524811557463,
214.0410870918634,
228.12497446414503
],
"sds": [
225.39422362706748,
225.6814280707394,
235.2986632408891
],
"individual_subject_means": {
"2items": [
438.9546724512607,
73.33222913742065,
16.34839528799057,
269.0967892287822,
59.23622578267868,
76.31239401036873,
853.6749344363654,
368.88535545484217,
10.146602980548604,
273.2345062313658,
50.700429048073495,
251.45176140948345,
990.0272756360241,
164.56268126722696,
2.212582587882092,
43.205522140098175,
55.937186803777244,
50.22002135763074,
20.78379165949588,
145.30331592961966,
206.86557650058828,
97.00454214497617,
164.1580357477837,
359.94228075812845,
157.5695683892284,
87.22027686595916,
141.40391335211976,
25.71854744761823,
24.09454741116081,
75.29761259305862,
325.8179387158404,
65.95070005896,
19.41426424751448,
209.35722790294224,
70.55592650706294,
560.2159243603141,
48.65879236580281,
43.43570790378542,
35.55756657464163,
471.46949156834967,
114.27353006143971,
687.2297757426395,
128.43932284128786,
200.23906771721465,
77.5205265676274,
91.83946118752162,
141.335242887338,
105.24876419821781,
182.45692275630103,
240.52074305827801,
66.85244239694194,
122.2350319480896,
338.19345442970075,
54.416689659063906,
171.37339082967887,
1105.108976972864,
25.000416855820838,
81.4997939435499,
297.753915751234,
180.48276907113882,
66.39205256410135,
155.76731164455413,
77.54635113865758,
407.40015178665203,
13.934083896080653,
237.51710203750847,
29.639834504906492,
6.9751904492437,
100.50180069318752,
64.96405145967448,
30.255232927723313,
131.0903475848692,
62.66152328426398,
143.65008098756275,
147.38828556459458,
289.95186540354854,
38.350276414145775,
6.686014581889826,
119.13846598880392,
168.12973697368915,
262.56111253842266,
17.39046649746597,
13.234460389927813,
137.28174238670388,
138.70591417948404,
87.34833077389166,
61.74347378988015,
180.56339395046234,
9.210094288746014,
455.0847486456235,
256.23257696181537,
186.53206719729033,
219.31998327883278,
139.12115452400386,
807.34035542432,
65.795290413548,
163.0863091198134,
48.452184079052174,
72.88652676862219,
123.74009173875675,
296.2232061828055,
14.470997939238677,
1249.1752397586138,
153.99097017406189
],
"4items": [
453.27683753608375,
105.39695877266618,
63.154084331738325,
248.4411622616182,
115.18163955947266,
47.20978592259103,
1030.6261601607005,
444.0266086972993,
18.19767970316039,
292.73197500808266,
49.53584070097316,
320.99062403084076,
823.6423175160478,
172.5527606322007,
29.505373806566805,
30.89817067262638,
78.49421588067085,
72.78126012361966,
38.85630315604963,
130.09610691901003,
358.57294995297667,
128.56812477799562,
187.76697168035327,
343.5968035016741,
133.37709735589797,
161.22625455856323,
173.17414737028236,
57.04449603954951,
17.77860620059073,
130.2121729409253,
379.40722944861966,
49.46732827027639,
19.663009013678575,
235.05513923022212,
68.95150451715459,
731.2232316540134,
77.43585120421699,
35.95111399256822,
27.178680884838105,
291.3802547539458,
162.47973825882391,
585.9103174454127,
229.5221139074682,
171.39712113633598,
116.82195344412482,
111.49586966148642,
126.53071624241518,
149.4115041021317,
327.7066590158563,
296.06479176607996,
137.68217757195234,
260.6877041795979,
362.1311247657327,
66.61200525210454,
275.37614002853934,
973.0124336878458,
19.486005993826048,
75.69870331070639,
628.584144821167,
249.70727938048694,
115.17582056319172,
180.53501294908068,
140.20103890964617,
239.83317608115948,
12.115563853669006,
259.366425669309,
37.61304223275447,
18.333034983541392,
115.65557473837727,
67.95909309883912,
34.76871721463642,
180.82198990012208,
101.44920088282419,
129.69996617057106,
140.14951632199464,
226.18374712713833,
46.08887332621254,
9.132613965260084,
143.3256997636643,
126.78362872682769,
373.34376284552786,
15.56650197238065,
0.07275670270125072,
259.71917642631394,
191.5846795246322,
120.83653108656407,
46.20271783104787,
251.31541570362293,
16.996453583808172,
606.0490344198126,
225.37260649078772,
438.407762187801,
336.30120476785595,
97.9663604550502,
772.5261332103184,
110.06448892468498,
178.36059171350107,
88.95568219046382,
124.45517903371997,
118.04957406181808,
426.73776946225007,
28.512902112169698,
1212.566189720517,
396.1725099351671
],
"6items": [
389.50368024321165,
154.714901835065,
62.43960741808017,
294.8011414070188,
130.72149411371993,
43.97298031142264,
1190.0947391419184,
378.12548670703416,
16.01771893384664,
378.97120584939654,
30.96594887715514,
354.119838218689,
871.9777138603145,
247.96868475390153,
7.749468974517972,
36.818025033284975,
61.69275405730765,
69.84891656249069,
39.42106774893213,
92.62222339761884,
445.99397491827244,
105.07192784858246,
169.23348681977455,
360.953146982193,
153.04246369959083,
89.20662434895833,
169.94870683550835,
49.66856744614515,
44.797143018764,
117.07063301330732,
345.7426059299045,
59.493211408088236,
20.12255887716424,
231.34761653496668,
71.66671420181736,
700.2562326192856,
100.5931563870374,
48.86326175685972,
37.23027345628449,
370.50551111811683,
168.22238229778077,
738.3145492832836,
249.6912063277045,
287.7803860820976,
145.51304263868172,
128.03659256388633,
121.32210526794388,
183.51677470574012,
381.44451840344595,
306.7693295349946,
103.28193660435223,
196.0259519815445,
394.2492074863885,
53.48834869464238,
437.3746685479817,
983.507444045123,
21.490877855893064,
102.5557736492157,
636.471083102019,
126.97903140385945,
98.93371519477097,
222.9842209508131,
176.77421373190978,
262.94400461854,
16.740309824546177,
279.64513246049273,
43.468261981618056,
15.445050483330702,
139.68731507395083,
102.48460848471697,
74.62014841401216,
202.25377572150458,
111.65858490467072,
146.36406912996964,
154.2771315453574,
273.68693198301855,
42.414021024314486,
-1.124626569368027,
110.11613839322871,
139.70541836904442,
510.09037343467156,
12.081814342952637,
7.261480707131075,
307.30707512030733,
170.96660324515298,
113.7134993242663,
59.625709381368424,
269.8352259815438,
30.17124808297574,
671.0417004903157,
241.02178134237016,
495.0703124001969,
309.67860289079596,
138.08579856209283,
894.2916627142165,
164.9681365218493,
209.71922207337158,
133.72686874866486,
91.39076670475096,
111.91235893405974,
341.20648039392677,
42.242372478951104,
1017.1945122816624,
459.9246872509227
]
}
}