{
"metric": "spl",
"unit": "px",
"conditions": [
"2items",
"4items",
"6items"
],
"means": [
994.1744364559111,
1027.1410784025788,
1047.1186155593707
],
"sds": [
414.60955610490583,
428.5145587254499,
451.424217681173
],
"individual_subject_means": {
"2items": [
909.4017849692815,
899.2269772449172,
662.6118148000617,
820.0141464404845,
876.9741062873449,
888.8995945453644,
1478.7932596108349,
948.5262561124914,
858.117130279541,
1326.386581883286,
743.9661756612487,
1757.7875999049136,
1419.42990584226,
899.0938645514889,
698.704453960218,
592.2668142096941,
786.6408164015094,
863.6821906967918,
668.5258164553298,
744.0474445388978,
906.0953778206034,
859.2572800485711,
639.570037307813,
2834.721919519761,
872.2263008753458,
611.0899285888672,
792.2517122679119,
664.6770885421569,
682.7619436354864,
961.624757007886,
776.8668556213379,
504.8293472941105,
787.4539968801099,
1068.8310903761121,
738.6466289096409,
1573.5677493348414,
732.9053728767996,
1141.0551104968108,
729.4757019713685,
1312.4743154616583,
756.148117518661,
951.6278416114517,
930.795914466935,
1328.6611427564299,
611.9829583111931,
1106.3529183523995,
1088.15544535319,
929.2634644010174,
897.7517583399643,
728.1095475416917,
936.3120888157895,
1110.966824569702,
1325.3029836679434,
714.8410339355469,
1112.3742139501478,
2415.500068177568,
617.4973128823673,
759.9468124934605,
1506.5400825662816,
770.5901802649864,
806.4786758422852,
1525.9568094889323,
864.5160737037659,
1657.199102198824,
748.1602652994792,
1090.1933650380558,
647.008327370823,
545.7705310230524,
1629.8621487961602,
493.3284049122422,
817.1637069414247,
1481.8456839152745,
877.6568757584952,
1066.5533555348713,
898.7346807386054,
1485.0505795686142,
714.5508515447633,
615.7250837987783,
889.9357291208187,
829.014874580579,
1166.374667177106,
656.5954830169678,
689.3766130949322,
394.2043337409879,
753.2067742347717,
692.9064486442356,
576.5371415891145,
950.3962548573812,
782.952327486835,
1988.105950400943,
1123.890079498291,
962.6906842318448,
1080.6398361950387,
1280.9467346973909,
2141.1988462560316,
776.8428566062844,
749.3529430431324,
790.5504218536673,
933.7383316288824,
920.2888542811075,
1256.940845024295,
769.7663269042969,
2181.3914250899584,
1458.342127475542
],
"4items": [
966.3755187988281,
1040.1418019808257,
724.218029142681,
839.2366594061795,
1275.4646726197834,
865.1953572240369,
1655.0680508083767,
967.0391572097252,
886.2042972340304,
1273.990467358661,
758.4905875812877,
1630.332854595381,
1472.23829390363,
794.3280080159506,
753.3442137434675,
546.9980932948101,
819.8056299353159,
899.8328867482616,
867.9761823152242,
727.819988990098,
1086.201677055769,
943.3811332996075,
678.4498240632831,
2856.4716997419087,
857.543651773472,
615.9652561732701,
966.8812959558824,
696.6285267250211,
703.6257572174072,
1220.7330425874686,
801.3817977905273,
496.7299665178571,
804.3523908048063,
966.2767070848115,
727.5392397851059,
1358.616853529407,
748.7051366822333,
1009.8117872295958,
694.0429565429688,
1270.5326144371504,
801.9609167354623,
968.3702545166016,
921.8550639728924,
1225.2108947124677,
707.71007365685,
1184.6082852385764,
1145.8219275313816,
916.4983055478051,
854.9426229376542,
756.9059444774281,
1104.0148653666179,
1200.202271502951,
1405.2016492058249,
831.1641549917367,
1163.3835970175387,
2458.324885898166,
605.474381219773,
786.5924488414418,
1603.6069610595703,
648.6493162038375,
888.8257698752664,
1534.161771138509,
848.1639237037072,
1664.560821263136,
732.2098318563925,
1096.1752479331008,
640.6286064399468,
482.2313854362391,
1530.6193212644018,
442.48310967286426,
873.2447029201463,
1543.9334166844685,
819.8603591219,
987.3200805218189,
870.6999969482422,
1464.9840840306774,
715.8557812654519,
654.3982461908812,
924.0837880329914,
746.8834575784617,
1045.9647889020966,
667.6487941099017,
751.4451002898039,
531.1219874948695,
769.9102111167097,
788.2496920776367,
597.2631801267465,
1025.2009196632787,
759.2335789271764,
2348.482435527601,
1132.673882735403,
1155.8392237833102,
1142.870557847914,
1178.8478953642004,
1838.2376395089286,
797.7806073143369,
763.1157944720725,
841.7018271053539,
1018.8180454451104,
1010.0693144492053,
1361.2720346974802,
886.1181574734775,
2380.8275262741818,
2010.184370744108
],
"6items": [
892.3176843605789,
1112.3770273382013,
767.3160824245876,
850.6128784933207,
1144.5776815293711,
957.7947036280776,
1868.6277276901972,
935.1690991545377,
853.3175977623981,
1319.1133872584294,
738.7601676038516,
1915.1800939941406,
1475.6738033952383,
1165.8766172167282,
704.4516666712386,
626.8846846789849,
833.4651817908654,
889.4022062434707,
739.4007649523147,
670.1458975139417,
1153.2454163155905,
836.7693417867025,
584.3114938533053,
2471.5150611877443,
857.2666180805095,
539.7903823852539,
799.1992526807284,
672.7178036082875,
768.3260542275249,
939.752284862377,
763.0250739203559,
442.4207626743081,
768.9125539742264,
1140.477665876731,
738.1220661977703,
1348.217218017578,
767.1627827519956,
1192.8998805999756,
790.4991653904771,
1244.5126168387276,
772.0348824818929,
919.1386726193311,
904.5247745957486,
1425.9457400452857,
820.1314163208008,
1142.9544657160727,
1186.0100339418882,
834.6943232609675,
989.1255545223461,
803.7857694883604,
1099.7395873296828,
1167.6776536367472,
1376.9189236548639,
852.6003575642903,
1347.9067887155634,
2580.9082480037914,
616.9927205624788,
664.1663217163086,
1673.7478422081988,
751.2272286508597,
873.0890669675217,
1516.4676929515797,
907.381313085556,
1625.6976482112234,
753.1288324991862,
1051.3034372532622,
631.9597404998483,
530.871696472168,
1793.8903296788533,
487.8971071579877,
939.4525232796717,
1594.0373938424248,
848.7594626034007,
1115.3932420885242,
824.6815311643812,
1442.5475608630059,
695.8187008092899,
662.5867445390303,
840.4940858320756,
840.7736829674762,
1218.3945651170684,
671.4980303293252,
812.0255637865388,
466.58061527561495,
781.4795600536257,
759.4521800196449,
527.0206002553304,
1010.9570309321085,
770.238874713194,
2544.3695475260415,
1025.4323178245909,
1097.8217517941498,
1118.3361978186183,
1438.595705608989,
2016.464560614692,
895.1898410910427,
760.6032486800309,
854.5319431348779,
957.4888096746997,
952.6706226348876,
1500.1769861428133,
909.4660791917281,
2268.2587196154473,
2357.2111196069154
]
}
}