{
"conditions": [
"2items",
"4items",
"6items"
],
"accuracy_mean": [
0.9008080388228676,
0.839617166561477,
0.7813037423167111
],
"accuracy_sd": [
0.07274964263132848,
0.07214971672124709,
0.06427242924381563
],
"reaction_time_mean": [
0.7530848364916992,
0.8174857706646197,
0.8664357466151854
],
"reaction_time_sd": [
0.11831597511713264,
0.10443196434977077,
0.12139611583345286
],
"individual_subject_means": {
"accuracy": {
"2items": [
0.9770114942528736,
0.9484536082474226,
0.979381443298969,
0.9811320754716981,
0.8865979381443299,
0.875,
0.8611111111111112,
0.84375,
0.819047619047619,
0.9390243902439024,
0.788135593220339,
0.9090909090909091,
0.89,
0.839622641509434,
0.819047619047619,
0.9,
0.8543689320388349,
0.944954128440367,
0.98989898989899,
0.96,
0.9903846153846154,
0.8541666666666666,
0.8673469387755102,
0.8648648648648649,
0.9545454545454546,
0.8536585365853658,
0.9393939393939394,
0.9111111111111111,
1.0,
0.9727272727272728,
0.8818181818181818,
0.8867924528301887,
0.9534883720930233,
0.7547169811320755,
0.8623853211009175,
0.8539325842696629,
0.9101123595505618,
0.9134615384615384,
0.9238095238095239,
0.9239130434782609,
0.9519230769230769,
0.8613861386138614,
0.9607843137254902,
0.8369565217391305,
0.9719626168224299,
0.9183673469387755,
0.8188976377952756,
0.9901960784313726,
0.9393939393939394,
0.8504672897196262,
0.9270833333333334,
0.970873786407767,
0.7777777777777778,
1.0,
0.9711538461538461,
0.8947368421052632,
0.9176470588235294,
0.9518072289156626,
0.9693877551020408,
0.926605504587156,
1.0,
0.93,
0.9795918367346939,
0.9042553191489362,
0.7570093457943925,
0.8910891089108911,
0.9029126213592233,
0.8555555555555555,
0.98,
0.9459459459459459,
0.9545454545454546,
0.9829059829059829,
0.9714285714285714,
0.6666666666666666,
0.8315789473684211,
0.826530612244898,
0.7435897435897436,
0.970873786407767,
0.9278350515463918,
0.6585365853658537,
0.940677966101695,
0.9795918367346939,
0.9270833333333334,
0.9405940594059405,
0.8543689320388349,
0.8648648648648649,
0.8640776699029126,
0.9230769230769231,
0.9456521739130435,
0.9611650485436893,
0.925531914893617,
0.9174311926605505,
0.7263157894736842,
0.7912087912087912,
0.9247311827956989,
0.9278350515463918,
0.9,
0.9142857142857143,
0.7978723404255319,
0.7326732673267327,
0.9247311827956989,
0.9368421052631579,
0.8969072164948454,
1.0
],
"4items": [
0.9607843137254902,
0.8990825688073395,
0.9320388349514563,
0.9468085106382979,
0.7403846153846154,
0.9393939393939394,
0.62,
0.7659574468085106,
0.912621359223301,
0.7333333333333333,
0.8181818181818182,
0.86,
0.8095238095238095,
0.71875,
0.6666666666666666,
0.7184466019417476,
0.9139784946236559,
0.797979797979798,
0.88,
0.9065420560747663,
0.9245283018867925,
0.8113207547169812,
0.8411214953271028,
0.788235294117647,
0.8076923076923077,
0.9166666666666666,
0.839622641509434,
0.8508771929824561,
0.9418604651162791,
0.8913043478260869,
0.8295454545454546,
0.8990825688073395,
0.8378378378378378,
0.6952380952380952,
0.7575757575757576,
0.8210526315789474,
0.8220338983050848,
0.7415730337078652,
0.8021978021978022,
0.8901098901098901,
0.8529411764705882,
0.8686868686868687,
0.8181818181818182,
0.7669902912621359,
0.7653061224489796,
0.84,
0.8043478260869565,
0.9690721649484536,
0.7959183673469388,
0.7884615384615384,
0.8583333333333333,
0.8404255319148937,
0.90625,
0.9473684210526315,
0.85,
0.865979381443299,
0.8333333333333334,
0.8690476190476191,
0.8932038834951457,
0.7628865979381443,
0.9279279279279279,
0.87,
0.8,
0.8583333333333333,
0.79,
0.7980769230769231,
0.8586956521739131,
0.7428571428571429,
0.85,
0.8877551020408163,
0.8863636363636364,
0.9479166666666666,
0.8909090909090909,
0.7844827586206896,
0.8425925925925926,
0.696969696969697,
0.8765432098765432,
0.8613861386138614,
0.8333333333333334,
0.7333333333333333,
0.9120879120879121,
0.8640776699029126,
0.9203539823008849,
0.8712871287128713,
0.900990099009901,
0.9019607843137255,
0.91,
0.865979381443299,
0.8285714285714286,
0.898876404494382,
0.8349514563106796,
0.9111111111111111,
0.7450980392156863,
0.7641509433962265,
0.8877551020408163,
0.8260869565217391,
0.9494949494949495,
0.7735849056603774,
0.7916666666666666,
0.6695652173913044,
0.9245283018867925,
0.74,
0.8476190476190476,
0.8962264150943396
],
"6items": [
0.8378378378378378,
0.851063829787234,
0.87,
0.89,
0.7474747474747475,
0.7727272727272727,
0.6630434782608695,
0.7727272727272727,
0.7608695652173914,
0.7551020408163265,
0.7659574468085106,
0.8316831683168316,
0.8793103448275862,
0.8163265306122449,
0.6481481481481481,
0.7628865979381443,
0.8269230769230769,
0.6956521739130435,
0.7821782178217822,
0.8172043010752689,
0.8222222222222222,
0.7857142857142857,
0.7684210526315789,
0.75,
0.7592592592592593,
0.8571428571428571,
0.7157894736842105,
0.8333333333333334,
0.8545454545454545,
0.8877551020408163,
0.7352941176470589,
0.7647058823529411,
0.7766990291262136,
0.6966292134831461,
0.75,
0.8706896551724138,
0.6666666666666666,
0.719626168224299,
0.7307692307692307,
0.7008547008547008,
0.776595744680851,
0.75,
0.696969696969697,
0.819047619047619,
0.7578947368421053,
0.7352941176470589,
0.7777777777777778,
0.9108910891089109,
0.8155339805825242,
0.6404494382022472,
0.7380952380952381,
0.8058252427184466,
0.780952380952381,
0.8125,
0.8229166666666666,
0.8426966292134831,
0.7610619469026548,
0.8674698795180723,
0.8787878787878788,
0.7127659574468085,
0.7835051546391752,
0.85,
0.8041237113402062,
0.7558139534883721,
0.7419354838709677,
0.6842105263157895,
0.8095238095238095,
0.7333333333333333,
0.89,
0.8241758241758241,
0.8725490196078431,
0.9195402298850575,
0.7529411764705882,
0.776595744680851,
0.7628865979381443,
0.7378640776699029,
0.7647058823529411,
0.8333333333333334,
0.7684210526315789,
0.8620689655172413,
0.7912087912087912,
0.7878787878787878,
0.8461538461538461,
0.7142857142857143,
0.8020833333333334,
0.7471264367816092,
0.845360824742268,
0.8585858585858586,
0.7766990291262136,
0.9444444444444444,
0.8058252427184466,
0.7326732673267327,
0.7281553398058253,
0.7184466019417476,
0.7614678899082569,
0.7747747747747747,
0.7425742574257426,
0.6179775280898876,
0.7,
0.6547619047619048,
0.7821782178217822,
0.8,
0.7653061224489796,
0.7333333333333333
]
},