{
"metric": "bcea",
"unit": "px",
"conditions": [
"2items",
"4items",
"6items"
],
"means": [
3515.2435063178636,
4015.9784108870863,
4228.016835659253
],
"sds": [
4945.399903277657,
4910.201895480745,
5425.043899897247
],
"individual_subject_means": {
"2items": [
1856.961808346219,
1648.820339180566,
236.635273683328,
3411.044809106779,
3033.900837890312,
1730.2283320541414,
10613.909767341103,
1842.8123838402114,
225.1154310050291,
4603.730195547494,
258.5639814004351,
11980.43828947994,
5123.942783122998,
6316.468518311721,
489.2699012333992,
736.7021188419059,
1055.6195350499831,
2306.057778582517,
392.3711202290191,
3976.5198572979134,
3084.2448956178446,
685.0637063300575,
3512.8601316558847,
5390.804570458391,
1851.4658293625973,
1659.0464504688257,
1729.0658007347895,
266.464457189625,
153.93020296367118,
4081.147154087148,
2935.8977780856017,
2496.300619991577,
215.10369742742546,
3986.624902129117,
654.79625507906,
11985.794377880104,
1267.8468373309165,
2694.977247874501,
343.9610248347331,
3935.860209510179,
2243.4173261235383,
10434.64402082796,
1108.0674682137358,
1587.5925501274542,
3943.53984532105,
3717.12647699269,
4297.304611794049,
5560.156750960515,
3476.0964748316674,
4648.29949301637,
484.65195185818516,
1039.6370282035884,
3526.4680262348143,
221.67523136772712,
1708.8995339270716,
16743.396102197094,
368.43226588510606,
2917.6640277968663,
6344.027500561025,
7765.098606713619,
442.3218316316033,
4410.52740419304,
841.5174731149976,
7173.5536200755,
330.8489620633718,
3703.0890597779535,
213.91969542501133,
369.29076668371073,
2547.9661755010197,
839.3552916996684,
553.5032765722992,
1931.5498416077455,
617.8192126799547,
2414.5378239192783,
6714.295201932929,
30915.457185137173,
636.281670550787,
128.35622750743335,
3226.753368295158,
1481.4573288409792,
2810.7585459359807,
412.7353719297937,
575.3568441810198,
3284.042353455408,
1518.6159970005256,
804.1970439571683,
620.8259438783567,
2467.71281460339,
196.12855819026584,
14673.5982817833,
4917.524785444578,
2363.922669292308,
8254.046357086572,
1626.1252059604924,
6251.5871084728,
1683.4418594131919,
1272.170562802209,
1223.0663796783235,
387.6382577143922,
2195.743055645689,
6344.33069617474,
435.2415542714734,
30763.738881896697,
4103.809607568369
],
"4items": [
2138.520712713445,
1856.21365364749,
494.0814519100214,
3073.615490066032,
7207.270495820116,
1578.8802735361305,
19546.769082053623,
2291.9543296032475,
261.691293167122,
5003.4745973797035,
318.3497025149011,
12178.270809612923,
6223.085671399915,
7679.081126345347,
518.5710125124496,
702.1234039425494,
914.6282661587472,
2918.4195429879846,
633.2589461013714,
5252.1489995277625,
6338.555298955723,
822.6346469269384,
4123.464005545373,
6175.4148664867225,
1634.941915181772,
1984.492674842612,
2086.181007049377,
472.49143223603846,
199.1424020864773,
6519.558183765512,
3009.4297223710637,
1931.883510064735,
231.87298991158204,
4858.675974445037,
685.5997275767376,
13898.18132916854,
1228.1047852475099,
2824.6416523027206,
266.74325010928567,
3493.907362864853,
4266.359389256652,
8072.724682245168,
1904.7485576213714,
1517.2671671511566,
5903.854189294163,
4003.1022269352857,
4648.850181136894,
4473.655443739003,
5092.147786666753,
5590.973877134419,
874.0681138337815,
1750.06460473543,
4821.980243747042,
357.31464902340804,
2826.801287449103,
15307.227404063386,
270.65950504763396,
2407.109225625965,
10481.883261533452,
5574.675586153525,
882.0807418364811,
5975.0641596989,
1087.737610732039,
7516.117714478166,
376.09185853804377,
3712.3518833021103,
201.26293926519412,
356.7414976985946,
2744.7846867279513,
972.0000051047764,
661.8071592935562,
2866.784853034785,
598.1535533876093,
2594.6058507082253,
5992.567116149535,
21577.36135918566,
396.24856571688304,
265.18850145278157,
3341.320100733286,
1746.1845676544372,
3099.024942601476,
498.1511298531791,
528.3624270408708,
5745.377232786733,
2162.7956645858194,
976.0352383534689,
700.073161507586,
4906.701084588811,
194.13000184721704,
16436.074035710015,
5167.794020903626,
3353.2058122235558,
8126.940871817312,
1261.0839591115614,
8235.595825085007,
2452.7382997889467,
1326.9790958460676,
1743.6615836170556,
409.556619432592,
2877.684535931529,
6842.351781183557,
598.4415004817879,
31871.135875170883,
10561.612327556191
],
"6items": [
2055.4366192801417,
1880.2336703279552,
500.2970101896295,
3160.153392915228,
5626.931157104827,
1267.7359250303157,
21499.891213308067,
2214.3444334406327,
205.3538024963593,
5720.148932403802,
275.9964363343881,
9794.328261264396,
5861.384829089499,
11687.444942554306,
419.450663448088,
806.8248159497878,
1065.4306393450536,
3240.9096708354296,
552.5824030160253,
4130.660596992939,
6731.729988115158,
672.7332834338683,
3860.365169393744,
6138.263107375558,
1837.9960554267248,
1860.9832426732598,
2330.7826789387855,
522.3404231586234,
231.10576600583423,
4652.455009060503,
3248.6558502638595,
2180.613448050398,
195.8200069885967,
4107.184629142026,
563.0327708817786,
14012.129193668801,
1383.9690249719724,
4275.139822201959,
372.3615827373862,
3126.7027457749123,
3468.256422259735,
10558.249349219184,
1734.7920020529355,
1761.5846048904052,
6308.6264618749365,
4502.520062039567,
4279.406623993743,
5873.337924550536,
5412.99983241301,
5384.1296818142555,
772.9623010425375,
1760.2837841199241,
3562.6299714998704,
409.3197808884731,
3114.4971069774815,
18090.56410576405,
272.65548511598143,
2430.1763277092577,
13954.71552943891,
6490.576642344954,
844.4626354786695,
6213.847118815766,
1037.6877768810348,
7814.436893721207,
418.18350969431964,
3644.745150826034,
236.0685802591809,
371.656691646284,
2762.5617225958085,
961.0444919455041,
858.4229269535734,
2869.521571612445,
821.0792318535931,
2473.2113994690826,
5505.296470998878,
22469.554429977117,
497.963219017224,
147.33088220084719,
2843.2165522007203,
2074.5351874396774,
3448.0219980056563,
560.3989310906242,
658.3679778357701,
5479.555448339207,
2716.236847644274,
1073.7127344636588,
671.5036446904173,
4864.180826643292,
288.2708754063955,
17662.146981333146,
5147.535327121007,
3874.5724197312747,
8734.540199927898,
1860.9194253397836,
7860.9794507309725,
3397.7106641769456,
1352.108954096785,
2050.168908587249,
354.31826691275194,
2441.9235681399305,
6601.692316587934,
763.7133270335706,
36077.27960455825,
12496.878552978154
]
}
}