{
"metric": "gaze_deviation",
"unit": "px",
"conditions": [
"2items",
"4items",
"6items"
],
"means": [
31.03265769917978,
34.11055240768898,
35.16680843301613
],
"sds": [
24.112583065988503,
25.532870672402197,
26.52646159408629
],
"individual_subject_means": {
"2items": [
32.095018770636585,
28.931786927832178,
9.650148217211065,
31.48755047830303,
21.353741055727006,
31.006509260697797,
85.68141977154478,
28.532175114949546,
13.604433143706549,
37.37629130307366,
8.745278685779894,
40.8653091681631,
53.51340663555971,
38.47581980679486,
15.687952611864228,
16.347518816761585,
12.80297253432783,
24.898569803611906,
16.56775974489979,
34.12300282432919,
28.62814170435855,
10.903234528998533,
33.51548673688751,
66.04360279756433,
26.63743498211815,
33.67550888061523,
24.673302549123765,
8.27579550133195,
10.506685376167297,
31.958532415410524,
34.40243767718879,
22.023219062731815,
16.652075878409452,
29.61630690752805,
14.679261516641688,
57.26410336397132,
16.31120888034949,
26.37237343003478,
12.059121430575193,
40.949050240738444,
19.002214161249306,
98.8886047797867,
19.208927722892376,
23.93153825502717,
35.62365891212641,
28.40683874629793,
29.257226085662843,
35.483098193577355,
33.94051867355535,
49.808237139383955,
12.308817978909142,
16.381844964357885,
35.933208366493126,
9.510498028929515,
27.563145577328875,
116.81798098949676,
14.059551828047809,
25.675491586327553,
40.02116032864185,
49.47828219918644,
11.203906383269873,
31.672700034247505,
21.62810016415783,
65.47439828324825,
27.50063720067342,
36.88332863243259,
9.213590273670121,
12.92099888701188,
21.199657819709,
18.037854415399057,
17.030576830712434,
24.522161304950714,
14.317081053280136,
27.195393897868968,
36.122199969505196,
93.32683976491292,
11.690722750802326,
15.052132278385729,
31.15646719932556,
14.351992613229996,
30.050667274456757,
14.696182189268225,
18.359615176916122,
26.500273183334706,
22.817953102588653,
18.244129662120013,
20.87880011106792,
25.016690190305415,
14.378595539286167,
95.19712961287726,
40.20427631139755,
34.1070652441545,
45.0110160781116,
23.691741008024948,
56.1777185080708,
11.503997074660434,
18.296306201389857,
20.5534175067272,
8.312747663067233,
17.26493962605794,
75.50110559578401,
16.301737186071033,
162.65753601170795,
22.977627846659445
],
"4items": [
38.50871575608545,
34.27648043182661,
12.207219891548156,
30.268406787550592,
30.61921329498291,
28.22069085439046,
105.78601099650065,
31.71919837142482,
14.074099286088666,
40.76960428555807,
8.863161899826743,
40.988376150325855,
56.05585370412687,
38.398370701333754,
15.822175226713481,
18.84346440259148,
13.756658492549773,
26.15745370802672,
19.321808220184955,
35.90108882056342,
47.61527677377065,
11.98307966277713,
36.620632189624715,
73.59826376778739,
26.57840343475342,
32.855043252309166,
25.42552305638105,
10.308332209360032,
10.900565346082052,
39.86793552210302,
36.59032037660673,
22.74091489882696,
16.471221043182922,
32.83216629124651,
14.399875706555893,
71.20714956714261,
17.11421769297021,
24.506127552552655,
10.449271337191265,
38.01822390379729,
26.198157047738835,
75.15018502259866,
28.214214146792234,
24.581911130384967,
45.25774083993374,
29.688908687857694,
27.9221987830268,
41.11288930367732,
47.97145376707378,
48.198506236076355,
17.12092055082321,
22.80440126581395,
42.42494456908282,
10.429205858346188,
37.42182780757095,
114.39870251549615,
14.148490071296692,
24.191744804382324,
70.35846755981446,
49.08974292231541,
15.558751418373802,
35.195663968254536,
26.27215432666597,
60.90912114528187,
26.34022839004929,
36.61374643936898,
9.409816402456034,
15.984861211462336,
23.74865462081601,
19.579723462462425,
17.975489350882444,
30.734178324540455,
15.791868474266746,
27.70505589008331,
35.92553383963449,
91.45977257037985,
11.36027075067351,
17.75691328801607,
32.02675011883611,
13.550056342420907,
40.481207773798985,
15.173895472950406,
17.94793693369085,
36.10441005552137,
25.87736526314093,
21.29767023563385,
20.850704441467922,
30.598486344019573,
13.10236855461484,
137.36762941800632,
40.02299825768722,
36.93902761642247,
52.09982532459301,
23.612222323698155,
61.11319137874403,
14.116058500040145,
18.35592491752223,
22.57023596069188,
8.531659614294767,
16.475866004153414,
72.92305504358731,
17.96872183409604,
160.2386117535968,
42.50455928543239
],
"6items": [
37.343835243811974,
36.370230533859946,
12.868148913188856,
35.5367759378945,
28.41948285887513,
29.580306352887835,
123.57038602374848,
30.55116116536128,
13.800661055938058,
44.2940144840675,
8.741708468883596,
44.65870453834534,
51.66924427295553,
44.27500175174914,
16.164150773154365,
16.210676110068032,
13.258969799830364,
26.1732040643692,
18.00615626266322,
35.42911693377373,
51.38008370456925,
11.051933125573761,
37.44884800158049,
68.89932920336723,
27.90780930843168,
31.380698471069337,
28.08172317040272,
10.74333888881809,
11.436776351237643,
41.09614540029455,
35.61637924529694,
24.129840503504248,
16.538317073896092,
35.35427484983279,
14.16735578642951,
68.37379684448243,
18.315541542094685,
28.569698065519333,
11.874673879507815,
36.19216546526662,
24.63574377521054,
97.56638422244933,
28.96488232996272,
27.19701811846565,
44.18081257078383,
30.26707722631733,
28.812282265006722,
46.72000776018415,
53.16941167046042,
46.14779390939852,
14.98660185223534,
20.509862594234132,
35.76191628363825,
11.176457839541966,
44.253309425554775,
112.87744804050611,
13.150974874911102,
23.113601333216618,
75.34109194382377,
42.573044355099015,
15.579326083979655,
36.6642993118452,
25.241183201471966,
63.38464448510147,
23.63761960135566,
38.62526391414886,
10.25885223883849,
16.71737304014318,
27.46302202840646,
20.175043961097455,
19.379211130142213,
33.80965037572952,
16.82775780172909,
26.167288485027495,
34.08718480073012,
92.43944223915658,
11.312951970808577,
14.809057050425073,
31.479759646133637,
14.946651995182037,
48.081814926790905,
15.761300974878772,
19.05383416281806,
38.936496143099625,
25.142152236058163,
22.629425514576045,
21.534711785368867,
35.46417956550916,
13.959772172483426,
142.103310224745,
41.04579348844641,
43.927431838456975,
47.40227108691112,
24.6483616995257,
64.74083112360357,
19.249322811762493,
19.924403955648234,
24.37912925084432,
8.55790085092597,
15.292904695868492,
76.04026167076755,
18.83566632595929,
156.5310712377709,
44.21375911180363
]
}
}