{
"metric": "bcea",
"unit": "px",
"conditions": [
"2items",
"4items",
"6items"
],
"means": [
13823.939292582803,
14776.590860003753,
15967.457651576238
],
"sds": [
20738.871253689063,
18921.138428763945,
21352.364477434166
],
"individual_subject_means": {
"2items": [
10033.65424843223,
5047.1585997529955,
2737.336756589238,
9015.940233835345,
2880.0951492597273,
11952.002205000961,
19506.602387749204,
9208.150761332387,
1028.2895193249894,
11511.692301966767,
936.6405444694988,
60689.4101723948,
21973.765323958334,
17229.99072528094,
1657.6169511084295,
2510.1032216084877,
4535.827029968232,
4746.771750584914,
1152.293016790283,
12760.144026833757,
22128.767860164182,
2445.4221582775226,
14263.83927184583,
45116.1127908388,
13660.390435436824,
3987.1645998848485,
7225.6643943605295,
1176.2648618864725,
1403.7448927534008,
8941.942887106494,
5312.389883751038,
7832.334709497115,
756.4255445487306,
10412.115106326735,
3936.475079083732,
35294.127571799196,
4513.757708656797,
16265.300207860842,
1426.7829913139656,
38264.28477640141,
9249.593334802343,
7978.841285485776,
4080.448714042303,
12608.480485853315,
6013.236233044004,
13879.21278409707,
17141.758359142157,
9989.496729259647,
10728.265543423537,
19349.66537972172,
2866.8927974857097,
5624.396860711933,
18914.841434667196,
1498.6520977230264,
10987.570279897676,
81988.49713075945,
968.8567206247092,
8264.027733438677,
20853.40823702837,
9184.508944839548,
1930.583337854732,
18470.2814395212,
4570.14449311919,
33469.68307426638,
775.6435024111223,
12328.641715960952,
962.2587378833542,
2735.175479886621,
17737.927400937646,
6592.72499440761,
2709.6926531507534,
15018.357910025848,
1689.3318214738426,
10756.768049223536,
11457.675583527265,
110012.10629300638,
2731.056614555682,
658.2970891201392,
7844.638527706611,
3815.7526006095436,
22290.439089463,
1517.56747537872,
2720.653744852844,
1789.2510839434838,
7788.06769370284,
5123.046755299406,
3560.663747535177,
10370.751358620948,
885.8162476895683,
89715.72635132622,
14332.56001814896,
11642.860760931802,
20838.19968011091,
16203.92115173629,
33232.37241195073,
5431.99956481764,
9795.037817883436,
1856.7929859913802,
4935.757733761415,
7323.454980865675,
20508.9459884015,
1729.652951376268,
129485.50374766975,
20696.458024420936
],
"4items": [
12473.14062053321,
6480.343286768656,
4742.759625257717,
6680.762311204216,
7200.454896942052,
9095.123433184926,
26395.151121812312,
11964.499545655783,
1448.3444331367891,
12457.57285713419,
1088.0703236584995,
55094.64622538883,
25873.359150625118,
13788.067262928093,
2206.886743241169,
1913.1782016567176,
4800.890402107919,
5400.75187718136,
2601.938386540563,
18862.338165618352,
52402.79784103643,
3214.058104278696,
15850.344101175144,
53404.90608187891,
10268.164111974815,
5842.267011676197,
8879.40290118329,
1921.9451846157644,
2072.0026893087174,
22095.352491236372,
7260.959001708793,
6932.209004285225,
1113.9081179354714,
10521.466253367984,
3013.089968707715,
36462.12333386649,
3812.6048339907525,
16824.118206230498,
1233.3369164058715,
36070.50142968258,
18017.1755942792,
7198.471356916709,
5663.124062551096,
14492.12731419793,
11675.30543971849,
14847.671551350011,
20998.704308007582,
10970.361774878915,
11081.470797088557,
17396.483414155984,
4731.4247400376535,
9342.3293297083,
21741.241091769785,
2147.153401675495,
17210.897124888637,
59193.791906109545,
622.2085810235787,
6122.207030045916,
37955.4566463289,
9508.421024978676,
4700.309180901673,
23931.01948661464,
6707.796574034926,
29741.88657813944,
977.9853703822104,
10266.364590729214,
828.7788143981637,
1627.5743863810674,
18716.03116788291,
6615.73461609222,
3118.564914284632,
20543.510110558946,
1821.5245377613494,
7614.657102120723,
7533.566616794415,
81728.9646089672,
2073.4192795214426,
1361.422662460651,
7322.382767485077,
6502.654335143657,
18876.996571947355,
2047.1161030158655,
2752.414300216497,
3533.478208046114,
13362.567401750073,
6549.309006991011,
4167.442745070297,
19565.11334433343,
799.6682660707075,
85952.88158555602,
14404.271518773712,
14522.789456702214,
21573.64182769913,
8467.566970173328,
32931.98479248626,
3101.976089595035,
8852.508920589487,
2918.302476981802,
4771.528944881241,
9160.088765242059,
21077.10989162914,
3601.133724410438,
121109.50537715573,
38252.04250558573
],
"6items": [
9434.47652080265,
6531.631068317903,
5718.260131672721,
7489.465531173188,
7074.558395935799,
8939.347332392574,
44426.44476985218,
11557.694458650438,
1081.6353381200993,
16562.728208200035,
1075.3823523094693,
40314.539506298795,
22010.600087925224,
23035.812115594574,
1713.327779364179,
2515.970889445695,
6028.104319594173,
5471.5241500357415,
1921.9943148748366,
12987.658955507295,
41401.55709574924,
2663.827041191727,
16362.587057337978,
47714.043107380174,
12678.84422636263,
7943.658100796635,
9028.751754988154,
2238.051974559476,
1870.1666506381564,
19127.061010170906,
6697.519936995905,
9513.419198784124,
863.368840285076,
11856.649330576896,
3301.249921580882,
39213.97834563705,
4992.555212553944,
25516.073000228094,
1317.9416880680415,
33571.482819929006,
13150.058963032772,
9401.366898122273,
4869.279290608345,
17253.565607060027,
14648.873077603512,
12777.351866080342,
16441.20401642134,
9287.820250751241,
18733.74110229138,
27102.317076126965,
4701.12012530364,
8018.648169657431,
15438.381321975077,
2560.0018833849276,
19651.486740196193,
77471.815810562,
915.9120013558894,
6976.520641547341,
55118.743228827545,
7486.6808400609925,
4002.546572384731,
19407.37482765061,
6127.186963804525,
37920.954267358466,
1019.9100721306258,
10882.72240176879,
875.2807641631969,
1636.5527359244736,
22089.536082673876,
5804.823706825043,
3867.983649586954,
21284.608559723358,
2539.2519362067187,
11271.64135612191,
8373.845305879908,
82998.4222749762,
2715.3089058708347,
805.6631280641095,
6358.4935266679395,
9567.261962939392,
19509.751628381826,
2061.0361069790238,
3501.8529123719636,
3471.4394212719203,
10619.9727262507,
8983.40914368783,
3425.866256701212,
19465.351255270867,
1402.196499534741,
63155.54816460401,
14314.058825407992,
16795.493796135663,
26131.61005443912,
17541.752031093525,
44240.70215041502,
5280.260094436468,
10130.91900811217,
3130.124162658927,
4305.844967403548,
7084.327658238935,
24949.120186053173,
3958.5289914669147,
158604.55563001754,
53233.67364142293
]
}
}