{
"metric": "spl",
"unit": "px",
"conditions": [
"2items",
"4items",
"6items"
],
"means": [
331.13238693857005,
346.57104540000626,
351.3716573250316
],
"sds": [
132.30525611511297,
143.9273922159335,
153.80586232776912
],
"individual_subject_means": {
"2items": [
297.6810126886135,
378.7163104321583,
124.53681458148759,
426.859221383427,
329.3104070663452,
210.37197575424656,
639.1310954191247,
306.656042582194,
291.18213936941964,
453.7610855102539,
269.66708930064055,
583.0062975431744,
558.5175866195837,
268.3410330076475,
225.8027049585716,
242.93625281322963,
198.4918406218001,
434.55953246471927,
267.66466325582917,
264.72237468901136,
237.58878559313322,
334.3786236445109,
207.10379421588073,
577.4220491297104,
244.5509431021554,
226.6979296875,
323.70375595092776,
200.0251070954079,
157.87425713312058,
270.06792884744624,
342.52361904844946,
211.13621102846585,
260.1676192172738,
336.14029484004766,
244.36386758309823,
434.87547426807635,
227.5612357493197,
282.607415114777,
253.50073929671402,
265.8948870814124,
240.88239288330078,
766.9345247292821,
347.56163163618606,
295.4759850662746,
285.1890916158987,
306.241614477975,
382.73935686747234,
394.52738516671315,
317.19046058183835,
308.65546875,
237.71811089766652,
272.1331918546469,
462.93998797528155,
161.69529420586042,
258.93866144569176,
651.5542401252909,
254.28554131002988,
251.19356060028076,
547.5880191884143,
524.9172482210047,
264.9153397388947,
440.83887888590493,
200.95131872118134,
507.590795801041,
325.1300791422526,
479.0040613291215,
296.1470603194891,
144.4541765514173,
336.60881385024715,
144.75264291410093,
259.40871935692905,
308.2260569844927,
287.5915810297994,
337.843805572133,
400.5522994995117,
485.7321939468384,
224.34406000121027,
194.90289639010288,
420.1617965698242,
285.35164974897333,
294.6228058154766,
251.71127301384422,
193.31635097662607,
514.9051297209984,
262.0413500213623,
189.9020578226912,
166.0722214748985,
341.8949341134927,
271.6718798287307,
666.6850769406274,
450.13121070861814,
282.23712851784444,
510.79673767089844,
265.0207024598733,
523.6069997151693,
229.77621164629537,
182.22485125195848,
389.4647462715223,
193.17330850580686,
397.3143946329753,
507.18637985781015,
224.14173456140466,
651.1472444172147,
455.7535000236667
],
"4items": [
296.1134512765067,
411.83157722904997,
138.43672477722168,
468.36319153567393,
541.2809219360352,
206.42542368570963,
692.4310418023003,
303.6928888956706,
297.09780691202405,
444.00473340352374,
271.00483772971415,
561.3871969106247,
573.2038823569693,
255.33431409752887,
236.47931811684057,
244.49643262975357,
210.68507688788958,
442.9829658840014,
311.63041592627457,
268.1160462697347,
280.4380455811818,
357.06524149576825,
217.51319662130103,
542.9475769042969,
236.3498013305664,
222.9923824734158,
361.88836494533496,
209.94276341029575,
163.6376806894938,
310.983723393193,
341.2832746629591,
203.8090093703497,
253.05956330170503,
334.9415293221522,
249.97700189084424,
422.49820783061364,
236.8777787950304,
276.6746530243845,
243.34652608235677,
258.9540463671272,
251.31191962105888,
754.3538372333234,
379.79653209644357,
284.24207930131394,
315.38669595962915,
326.0888450090275,
396.48767751057943,
354.9835034798885,
318.7005269903886,
329.77512709299725,
281.38249753316245,
288.63849055513424,
517.9031558766085,
190.58173994584516,
281.4605971827651,
694.0335049099392,
257.68641081310454,
251.09530140803412,
597.9272106933594,
432.32147486069624,
288.63301932594993,
452.4754311954274,
216.46402827671596,
528.4386842961896,
321.90783773886193,
493.29583295803627,
276.12129775337553,
142.40294135795844,
349.93135802914395,
138.70095698038736,
279.177059173584,
333.3029193878174,
276.26096940474076,
337.5411839294434,
422.3446940467471,
493.3781364704001,
215.37557886823822,
205.0343880101254,
446.4034478560738,
264.910456690295,
299.8156543913342,
245.8537119547526,
201.8484021273526,
607.782137277964,
287.76100361103914,
220.34729064941405,
155.73363236586252,
367.7230881055196,
265.6147241501581,
807.3476509681115,
460.5291410747327,
333.27399225104347,
520.4350319327889,
253.28669855454388,
515.2213134765625,
255.51254399617514,
198.68330519826787,
402.1473406449105,
203.94617756207785,
445.3645174868472,
540.4346559964694,
228.79697678305885,
695.398622024891,
644.0951434385429
],
"6items": [
296.8391604790321,
421.2177276611328,
142.6968998811683,
467.5957347590749,
447.8061144865012,
218.59141300746373,
799.8526818411691,
312.6965294379693,
274.4573830314304,
436.46480145031893,
269.7026212976334,
642.705757598877,
580.66808134934,
322.4505898325067,
225.53102535671658,
259.00028503772825,
201.55450454125037,
441.0778104608709,
301.08551811926145,
242.67101141122671,
319.4935524262578,
334.8173843695193,
186.80041937577096,
525.7400243759155,
235.98353102600691,
205.72410583496094,
329.39786646916315,
211.4444296700614,
171.71779997452447,
257.32394239637586,
335.2958100706666,
193.8351783281491,
244.97473559333284,
367.758866486726,
247.19529995388456,
437.40034618377683,
239.79825061300525,
290.3846102714539,
266.6831782947887,
254.5296388555456,
258.51014902303507,
737.308446000262,
377.0065163798716,
310.36840072332643,
343.44047768910724,
328.6349322715502,
398.694631997641,
385.8159166608538,
317.3031903435202,
296.935165777439,
272.1577195667085,
289.89828506025293,
513.379391085717,
192.12092997233074,
308.0775059750206,
708.5889021279155,
250.09539761750594,
225.00411144055818,
614.6202870244565,
486.0612261845515,
284.64673669559437,
476.00481331866723,
224.9773759841919,
506.69764151224274,
336.41444947984485,
477.47366008352725,
288.5418328505296,
150.17859048282398,
375.9511896769206,
158.97728409164253,
300.6557922363281,
337.05621010916576,
291.22595861098347,
349.4388538542248,
370.06115663206424,
482.0651241395532,
221.39787201834196,
200.04586476865023,
443.3762967821578,
259.6998112996419,
319.86924633347843,
254.24370373254536,
215.94066602918838,
666.8556423911565,
280.37824006133025,
212.1577490873115,
157.87899973104288,
368.6452388763428,
266.7391692226373,
985.556042819553,
434.66245763442095,
332.7341865716979,
506.2897553960961,
285.819286790005,
501.5810836959671,
285.6561158124138,
187.26147536393051,
414.0708290187792,
193.00951910456385,
422.9565786361694,
550.915184664439,
241.6804289384322,
646.962252973074,
700.9157897594363
]
}
}